AMZ,NAME,STATE,NAMESTATE,ST_ABBR,FIPS,2018 SVI,Density,AREA_SQMI,E_TOTPOP,F_THEME1,SPL_THEME1,RPL_THEME1,SPL_THEME2,RPL_THEME2,SPL_THEME3,RPL_THEME3,SPL_THEME4,RPL_THEME4,SPL_THEMES,RPL_THEMES,EP_POV,EPL_POV,EP_UNEMP,EPL_UNEMP,EP_MINRTY,EPL_MINRTY,E_TOTPOP, EP_PCI ,EPL_PCI,EP_NOHSDP,EPL_NOHSDP,EPL_MUNIT,EPL_MOBILE,EPL_CROWD,EPL_NOVEH,EPL_GROUPQ,,2014,F_THEME1,SPL_THEME1,RPL_THEME1,SPL_THEME2,RPL_THEME2,SPL_THEME3,RPL_THEME3,SPL_THEME4,RPL_THEME4,SPL_THEMES,RPL_THEMES,EP_POV,EPL_POV,EP_UNEMP,EPL_UNEMP,EP_MINRTY,EPL_MINRTY,E_TOTPOP,EP_PCI,EPL_PCI,EP_NOHSDP,EPL_NOHSDP,EPL_MUNIT,EPL_MOBILE,EPL_CROWD,EPL_NOVEH,EPL_GROUPQ,,% Change,F_THEME1,SPL_THEME1,RPL_THEME1,SPL_THEME2,RPL_THEME2,SPL_THEME3,RPL_THEME3,SPL_THEME4,RPL_THEME4,SPL_THEMES,RPL_THEMES,EP_POV,EPL_POV,EP_UNEMP,EPL_UNEMP,EP_MINRTY,EPL_MINRTY,E_TOTPOP,EP_PCI,EPL_PCI,EP_NOHSDP,EPL_NOHSDP,EPL_MUNIT,EPL_MOBILE,EPL_CROWD,EPL_NOVEH,EPL_GROUPQ,,Income Segregation,Segregation of Poverty (<p25),Segregation of Affluence (>p75),Fraction Middle Class (between p25 and p75),Gini,Top 1% Income Share,Gini Bottom 99%,Fraction Middle Class (between p25 and p75),Local Tax Rate Per Capita,Local Govt Expenditures Per Capita
amz_selected,Cuyahoga,OHIO,CuyahogaOHIO,,39035,,2742.4,457.1848346,"1,253,783",0,2.14,55.41%,2.02,50.24%,1.56,83.54%,2.74,63.32%,8.4654,68.09%,18.1,0.7083,8.3,0.8541,40.8,0.808,1253783,"31,804",0.1809,10.7,0.3996,0.9698,0.021,0.2203,0.9701,0.5619,,,0,2.0551,0.5234,2.0605,0.5393,1.5435,0.8294,2.6613,0.5683,8.3203,0.6476,18.5,0.6501,11.4,0.8058,39.3,0.8077,1267513,27892,0.1929,12.2,0.4062,0.9701,0.021,0.1484,0.9717,0.5501,,,,,,,,,,,,,,,,,,,,,,,,,,,,,,,0.128,0.131,0.241,3.075,0.035,3.075,2.66,17.594,1.30%,0.035
amz_selected,Cook,ILLINOIS,CookILLINOIS,,17031,,5528.13,944.9347676,"5,223,719",0,1.99,50.57%,1.3,9.46%,1.87,96.18%,3.26,87.58%,8.4179,67.55%,15.1,0.5229,7.8,0.815,57.5,0.9163,5223719,"35,575",0.0818,13.3,0.5661,0.9847,0.0239,0.8198,0.9892,0.4448,,,0,2.0764,0.5307,1.4476,0.1363,1.8774,0.964,3.2677,0.8669,8.6692,0.7077,17.2,0.5712,11.7,0.8236,56.6,0.9201,5227827,30468,0.1054,15.2,0.5762,0.9873,0.0239,0.8637,0.9882,0.4046,,,,,,,,,,,,,,,,,,,,,,,,,,,,,,,0.103,0.106,0.176,2.969,0.037,2.969,0,18.107,1.10%,-0.019
amz_selected,Maricopa,ARIZONA,MaricopaARIZONA,,04013,,462.42,9199.246764,"4,253,913",0,1.7,41.75%,1.81,33.78%,1.77,92.74%,2.93,72.59%,8.2066,63.54%,14.7,0.4936,5.5,0.5006,44.3,0.844,4253913,"31,697",0.1825,12.6,0.5269,0.9481,0.2346,0.9093,0.5788,0.2582,,,0,1.8259,0.4585,1.9019,0.4059,1.7584,0.9242,2.9468,0.7297,8.433,0.6689,17.1,0.5629,8.9,0.5645,42.2,0.8351,3947382,27477,0.213,13.4,0.4855,0.9491,0.2209,0.9051,0.6297,0.242,,,,,,,,,,,,,,,,,,,,,,,,,,,,,,,0.122,0.139,0.234,3.138,0.023,3.138,1.66,20.446,1.40%,-0.07
amz_selected,Wayne,MICHIGAN,WayneMICHIGAN,,26163,,2878.11,611.9926218,"1,761,382",1,2.95,79.36%,2.38,78.45%,1.7,90.19%,2.79,65.87%,9.82,87.23%,23.1,0.8783,10.2,0.9411,50.4,0.8806,1761382,"25,976",0.522,14.1,0.6078,0.9134,0.0646,0.5801,0.9771,0.2582,,,1,3.0236,0.8103,2.4422,0.8061,1.6705,0.8848,2.774,0.6345,9.9102,0.8685,24.8,0.8898,16.8,0.9739,50.2,0.8886,1790078,22643,0.5613,15.6,0.5985,0.9105,0.057,0.6288,0.9742,0.2034,,,,,,,,,,,,,,,,,,,,,,,,,,,,,,,0.113,0.115,0.231,3.058,0.032,3.058,0,21.528,0.60%,-0.145
amz_selected,Riverside,CALIFORNIA,RiversideCALIFORNIA,,06065,,330.71,7206.55578,"2,383,286",0,2.58,68.92%,1.86,37.76%,1.91,97.36%,2.81,66.32%,9.159,79.39%,14.7,0.4936,8.6,0.8729,64.1,0.9452,2383286,"27,142",0.4328,18.3,0.7851,0.823,0.4158,0.9643,0.2563,0.3457,,,1,2.7358,0.7303,1.9866,0.4702,1.9061,0.9745,2.8978,0.7036,9.5263,0.823,16.9,0.5498,14.3,0.9347,61.7,0.9433,2266899,23660,0.4718,20.2,0.7794,0.8309,0.4177,0.9698,0.348,0.3314,,,,,,,,,,,,,,,,,,,,,,,,,,,,,,,0.1,0.105,0.262,3.554,0.021,3.554,6.3,25.042,0.60%,0.034
amz_selected,Scott,MINNESOTA,ScottMINNESOTA,,27139,,402.45,356.2500393,"143,372",0,0.27,1.40%,1.28,8.85%,1.31,69.56%,1.94,23.21%,4.798,11.08%,5.8,0.0261,3.3,0.1611,18.2,0.5355,143372,"39,952",0.0395,5.2,0.0417,0.8351,0.0484,0.7065,0.1328,0.2184,,,0,0.2604,0.0105,1.2213,0.0729,1.2993,0.6759,1.3973,0.0646,4.1783,0.0513,5.7,0.0118,5.4,0.1853,16.3,0.5237,135129,35690,0.0388,5.4,0.0245,0.7854,0.0497,0.327,0.12,0.1152,,,,,,,,,,,,,,,,,,,,,,,,,,,,,,,0.073,0.068,0.254,2.629,0.019,2.629,2.5,20.809,0.00%,0
amz_selected,Luzerne,PENNSYLVANIA,LuzernePENNSYLVANIA,,42079,,357.03,890.3449378,"317,884",0,1.92,48.47%,2.08,56.00%,1.33,70.58%,2.74,63.42%,8.0754,60.89%,14.9,0.5076,6.3,0.6376,17.3,0.5221,317884,"27,919",0.378,10.7,0.3996,0.7307,0.1258,0.2203,0.9239,0.7431,,,0,1.7555,0.4327,2.0662,0.5444,1.2315,0.6415,2.7571,0.6237,7.8103,0.5584,16.3,0.5119,8.6,0.5288,13.5,0.4648,320392,25091,0.3594,11.4,0.3553,0.7278,0.1277,0.2381,0.9166,0.7469,,,,,,,,,,,,,,,,,,,,,,,,,,,,,,,0.046,0.05,0.368,1.404,0.019,1.404,0,18.979,2.20%,0.067
amz_selected,Richmond,NEW YORK,RichmondNEW YORK,,36085,,8242.56,57.5186516,"474,101",0,1.31,29.55%,1.2,6.97%,1.7,90.04%,3.1,80.67%,7.301,47.64%,12.8,0.3643,4.9,0.3981,38.3,0.7854,474101,"34,987",0.0898,11.5,0.4562,0.9058,0.0099,0.8911,0.9882,0.3018,,,0,1.1289,0.2432,1.2872,0.0882,1.6915,0.8956,3.1732,0.8322,7.2808,0.4629,12.3,0.2563,7.6,0.4139,36.8,0.7854,471522,32091,0.0783,11.8,0.3805,0.9096,0.0067,0.8615,0.9863,0.4091,,,,,,,,,,,,,,,,,,,,,,,,,,,,,,,0.05,0.043,0.157,0,0,0,0,19.703,0.70%,-0.089
amz,Dallas,TEXAS,DallasTEXAS,,48113,,2966.04,872.055717,"2,586,552",0,2.16,55.99%,1.87,38.52%,1.95,98.82%,2.9,70.81%,8.8804,75.38%,16.6,0.6258,5.2,0.449,70.4,0.9675,2586552,"31,219",0.2041,21.3,0.8844,0.9901,0.0579,0.9602,0.6702,0.2184,,,0,2.2821,0.5982,1.9102,0.4136,1.9446,0.9863,2.9443,0.7278,9.0812,0.7641,19.3,0.6963,8.5,0.5174,68,0.9643,2448943,27195,0.2251,22.3,0.8434,0.9895,0.0497,0.9583,0.6979,0.249,,,,,,,,,,,,,,,,,,,,,,,,,,,,,,,0.118,0.136,0.211,2.828,0.036,2.828,0,17.084,1.10%,-0.054
amz,Los Angeles,CALIFORNIA,Los AngelesCALIFORNIA,,06037,,2488.31,4058.191394,"10,098,052",0,2.34,61.59%,1.33,10.47%,1.96,99.33%,3.34,90.45%,8.9739,76.82%,16,0.5831,6.8,0.7092,73.7,0.9739,10098052,"32,469",0.1586,21.3,0.8844,0.9901,0.0608,0.9917,0.8571,0.4448,,,0,2.4776,0.652,1.5587,0.1888,1.9666,0.9933,3.3454,0.8889,9.3483,0.7997,18.4,0.6431,11,0.773,72.8,0.9755,9974203,27987,0.1878,23.2,0.8736,0.9911,0.0497,0.993,0.8838,0.4279,,,,,,,,,,,,,,,,,,,,,,,,,,,,,,,0.117,0.137,0.207,3.895,0.025,3.895,6.3,24.921,0.90%,0.076
amz,Will,ILLINOIS,WillILLINOIS,,17197,,823.92,835.8828932,"688,697",0,0.86,15.57%,1.44,14.17%,1.61,86.09%,1.67,14.65%,5.5825,20.22%,7,0.0497,5.2,0.449,35.8,0.7558,688697,"35,259",0.0854,9.1,0.2744,0.7453,0.0544,0.4457,0.171,0.2582,,,0,0.944,0.1862,1.5298,0.1713,1.6071,0.8593,1.7724,0.1646,5.8532,0.2375,8.2,0.0624,8.9,0.5645,33.8,0.7488,682108,30791,0.0984,9.5,0.2187,0.7574,0.0449,0.5944,0.1713,0.2044,,,,,,,,,,,,,,,,,,,,,,,,,,,,,,,0.105,0.107,0.221,1.977,0.026,1.977,0,20.984,0.80%,-0.094
amz,Boone,KENTUCKY,BooneKENTUCKY,,21015,,524.17,246.2842017,"129,095",0,0.58,7.83%,1.78,31.45%,1.09,56.16%,1.51,9.77%,4.9563,12.77%,7.1,0.0522,4.3,0.2924,11.9,0.3983,129095,"34,433",0.1006,7.2,0.1347,0.9144,0.171,0.2203,0.1108,0.0936,,,0,0.5842,0.0834,1.6753,0.2544,0.9965,0.4916,1.8192,0.1799,5.0751,0.135,8.7,0.0767,6.2,0.2576,10.9,0.3986,123030,29656,0.1238,8.1,0.1261,0.9201,0.1515,0.5447,0.1334,0.0694,,,,,,,,,,,,,,,,,,,,,,,,,,,,,,,0.072,0.08,0.254,2.059,0.025,2.059,0.2,17.722,1.20%,-0.124
amz,Clark,NEVADA,ClarkNEVADA,,32003,,271.37,7891.647449,"2,141,574",0,2.12,54.59%,1.84,36.39%,1.87,96.08%,2.96,74.43%,8.7915,74.04%,14.1,0.4513,7.2,0.7583,56.5,0.9115,2141574,"29,256",0.292,14.3,0.6189,0.9564,0.1152,0.8873,0.8201,0.185,,,0,2.2213,0.5788,1.8844,0.3903,1.8542,0.9577,2.9914,0.7507,8.9513,0.752,15.7,0.4728,12.1,0.8437,53.5,0.9061,2003613,26040,0.2961,15.8,0.6087,0.9592,0.1344,0.916,0.8112,0.1706,,,,,,,,,,,,,,,,,,,,,,,,,,,,,,,0.104,0.105,0.222,3.227,0.02,3.227,0,21.385,0.70%,-0.127
amz,Harris,TEXAS,HarrisTEXAS,,48201,,2699.11,1705.202063,"4,602,523",0,2.19,57.20%,1.86,38.01%,1.95,98.76%,2.69,60.14%,8.6954,72.36%,16.2,0.5962,6.1,0.6032,69.9,0.9659,4602523,"31,901",0.1771,19.1,0.8166,0.9895,0.0971,0.9414,0.5441,0.1165,,,0,2.0914,0.5361,1.866,0.3789,1.9452,0.9869,2.7886,0.6428,8.6912,0.7122,18.4,0.6431,8.2,0.482,67.9,0.964,4269608,28454,0.1649,20.9,0.8013,0.9908,0.0876,0.9475,0.6434,0.1194,,,,,,,,,,,,,,,,,,,,,,,,,,,,,,,0.131,0.154,0.206,2.51,0.033,2.51,0,17.163,0.70%,-0.089
amz,Miami-Dade,FLORIDA,Miami-DadeFLORIDA,,12086,,1430.16,1898.751735,"2,715,516",0,2.59,69.36%,1.43,13.88%,1.99,99.68%,3.33,89.88%,9.3421,81.75%,18,0.7045,6.3,0.6376,86.6,0.9904,2715516,"26,838",0.4576,18.5,0.7924,0.9978,0.0484,0.9545,0.9198,0.4126,,,0,2.8287,0.7599,1.5132,0.1633,1.9879,0.9975,3.3868,0.9029,9.7167,0.8497,20.5,0.7561,11.2,0.7905,84.6,0.9901,2600861,23433,0.4932,20.5,0.7889,0.9975,0.0414,0.9452,0.9309,0.4718,,,,,,,,,,,,,,,,,,,,,,,,,,,,,,,,,,,,,,,,
amz,San Joaquin,CALIFORNIA,San JoaquinCALIFORNIA,,06077,,525.87,1392.385418,"732,212",0,2.84,76.18%,2.12,59.57%,1.93,98.12%,3.1,80.83%,9.9986,88.92%,15.9,0.5739,8.7,0.8803,67.5,0.9592,732212,"26,145",0.5089,21.1,0.88,0.843,0.1442,0.9694,0.6043,0.5409,,,1,3.0589,0.8214,2.1589,0.616,1.93,0.9819,3.2063,0.8437,10.354,0.9115,19.4,0.7023,15,0.9475,65.1,0.957,701050,22642,0.5616,22.4,0.8475,0.8456,0.1515,0.972,0.6753,0.5619,,,,,,,,,,,,,,,,,,,,,,,,,,,,,,,0.092,0.098,0.317,3.46,0.02,3.46,6.3,23.474,0.90%,-0.001
amz,Santa Clara,CALIFORNIA,Santa ClaraCALIFORNIA,,06085,,1488.83,1291.085118,"1,922,200",0,0.95,19.33%,0.82,2.55%,1.93,98.15%,2.94,73.10%,6.6401,35.57%,7.9,0.078,4.8,0.3838,68,0.9612,1922200,"52,451",0.0067,11.9,0.4852,0.9825,0.1152,0.9777,0.389,0.4728,,,0,1.163,0.2512,0.9869,0.0385,1.9325,0.9822,2.8434,0.6734,6.9258,0.4005,9.9,0.1245,8.8,0.5521,65.9,0.9592,1841569,42666,0.0111,13.2,0.4753,0.9815,0.1098,0.9729,0.348,0.4311,,,,,,,,,,,,,,,,,,,,,,,,,,,,,,,0.078,0.095,0.211,3.516,0.025,3.516,6.3,24.217,1.10%,0.105
amz,Fulton,GEORGIA,FultonGEORGIA,,13121,,1940.05,526.7390925,"1,021,902",0,1.41,32.45%,1.35,11.24%,1.69,89.68%,3.14,82.59%,7.5963,52.68%,15.1,0.5229,6.5,0.6697,60.2,0.9303,1021902,"43,707",0.0223,7.9,0.1907,0.994,0.021,0.4817,0.936,0.7103,,,0,1.6221,0.3881,1.4718,0.1455,1.7603,0.9261,3.2693,0.8672,8.1235,0.6141,17.8,0.6039,11.1,0.7813,59.4,0.9341,967100,36827,0.0315,9.3,0.2053,0.9946,0.0178,0.5966,0.9446,0.7157,,,,,,,,,,,,,,,,,,,,,,,,,,,,,,,0.175,0.195,0.198,4.869,0.042,4.869,0,19.472,2.50%,0.094
amz,Suffolk,MASSACHUSETTS,SuffolkMASSACHUSETTS,,25025,,13593.61,58.245457,"791,766",0,2.16,56.08%,1.04,4.74%,1.88,96.56%,3.7,97.74%,8.7767,73.79%,19.3,0.7592,7,0.7347,55,0.9023,791766,"40,190",0.0385,14.5,0.6316,0.9936,0.0067,0.8456,0.9959,0.8555,,,0,2.1439,0.5587,1.1831,0.0672,1.8762,0.9637,3.6807,0.9685,8.8838,0.7456,21.2,0.78,10.1,0.6902,52.9,0.9013,747928,33522,0.0589,16,0.6148,0.9943,0.0022,0.8271,0.9959,0.8612,,,,,,,,,,,,,,,,,,,,,,,,,,,,,,,0.071,0.076,0.183,5.065,0.031,5.065,0,0,2.30%,0.22
amz,Travis,TEXAS,TravisTEXAS,,48453,,1213.05,991.8480644,"1,203,166",0,1.08,22.77%,0.93,3.53%,1.83,94.84%,2.95,73.86%,6.7916,38.12%,13.1,0.3838,4,0.2455,50.9,0.8844,1203166,"41,049",0.0334,10.9,0.4164,0.992,0.1391,0.8962,0.4225,0.4995,,,0,1.3957,0.3193,1.2254,0.0735,1.8472,0.9532,3.0248,0.7628,7.4932,0.497,17.5,0.5868,6.8,0.3222,49.9,0.8873,1092810,33943,0.0535,12.6,0.4333,0.9924,0.1277,0.908,0.4932,0.5037,,,,,,,,,,,,,,,,,,,,,,,,,,,,,,,0.154,0.178,0.25,4.073,0.034,4.073,0,16.386,1.10%,0.197
amz,Orange,CALIFORNIA,OrangeCALIFORNIA,,06059,,3991.24,792.7812169,"3,164,182",0,1.41,32.48%,1.04,5.00%,1.9,97.23%,2.64,56.83%,6.9891,41.91%,11.5,0.2803,5.1,0.4303,59,0.9223,3164182,"39,590",0.0439,14.9,0.6517,0.9736,0.1105,0.9831,0.2697,0.3018,,,0,1.4986,0.3528,1.2178,0.0723,1.9013,0.9726,2.6457,0.5606,7.2633,0.4578,12.8,0.2833,8.8,0.5521,57.1,0.9236,3086331,34416,0.0484,16,0.6148,0.9758,0.1035,0.9844,0.2974,0.2846,,,,,,,,,,,,,,,,,,,,,,,,,,,,,,,0.104,0.127,0.221,3.027,0.021,3.027,6.3,24.441,0.90%,0.072
amz,Marion,INDIANA,MarionINDIANA,,18097,,2382.49,396.4436166,"944,523",0,2.54,67.93%,2.1,57.02%,1.71,90.80%,2.84,68.39%,9.1878,79.71%,19,0.7452,7.1,0.7481,44,0.8427,944523,"27,251",0.4261,14.3,0.6189,0.9395,0.0608,0.518,0.8787,0.4448,,,0,2.5635,0.681,2.1334,0.5944,1.6829,0.8908,2.9484,0.7319,9.3282,0.7966,21,0.7727,11.2,0.7905,41.4,0.8262,919336,24145,0.4276,15.1,0.5727,0.9449,0.057,0.6211,0.873,0.4524,,,,,,,,,,,,,,,,,,,,,,,,,,,,,,,0.1,0.11,0.256,2.809,0.027,2.809,0,18.276,1.50%,-0.03
amz,Bienville,LOUISIANA,BienvilleLOUISIANA,,22013,,16.85,811.2803672,"13,668",1,3.07,82.23%,2.98,97.96%,1.08,55.65%,3.47,93.38%,10.5872,94.01%,29.2,0.9659,5.4,0.4876,45.6,0.8529,13668,"20,866",0.8659,17.1,0.7459,0.2216,0.9586,0.7434,0.965,0.5769,,,1,3.2053,0.8586,3.1242,0.9933,0.8628,0.4148,2.9831,0.745,10.1754,0.8981,27.5,0.9354,10.9,0.765,45.5,0.8628,14122,20622,0.7221,20.3,0.7829,0.1165,0.9239,0.4327,0.9446,0.5654,,,,,,,,,,,,,,,,,,,,,,,,,,,,,,,0.002,0.001,0.28,1.771,0.026,1.771,4,15.702,0.00%,0
amz,Baltimore,MARYLAND,BaltimoreMARYLAND,,24005,,1383.16,598.3575069,"827,625",0,0.9,17.07%,1.56,19.52%,1.62,86.50%,2.72,61.80%,6.7956,38.18%,9.2,0.1392,5.2,0.449,41.9,0.8185,827625,"38,580",0.0519,8.9,0.2607,0.9736,0.0271,0.3703,0.7498,0.5944,,,0,0.765,0.128,1.5788,0.1983,1.5769,0.8443,2.7278,0.6081,6.6485,0.3566,9.1,0.0914,7.4,0.3881,39,0.8036,817720,34701,0.0458,9.8,0.2397,0.9742,0.0274,0.3617,0.7596,0.6049,,,,,,,,,,,,,,,,,,,,,,,,,,,,,,,0.083,0.103,0.205,1.869,0.023,1.869,1,16.935,1.70%,0.046
amz,Manistee,MICHIGAN,ManisteeMICHIGAN,,26101,,45.07,542.3252252,"24,444",0,1.97,49.90%,1.82,34.48%,0.59,27.95%,2.52,50.11%,6.8954,39.97%,12.9,0.3736,7.2,0.7583,10.8,0.3664,24444,"25,778",0.5376,9.4,0.2964,0.39,0.4158,0.155,0.7112,0.8456,,,0,2.3082,0.6078,1.9793,0.4635,0.5912,0.2598,2.7109,0.5985,7.5896,0.5148,17.8,0.6039,12.3,0.8542,10,0.3776,24545,22649,0.5606,10.5,0.2894,0.3871,0.4511,0.3161,0.7189,0.8376,,,,,,,,,,,,,,,,,,,,,,,,,,,,,,,0.013,0.012,0.477,2.115,0.032,2.115,0,18.187,0.00%,0
amz,Hennepin,MINNESOTA,HennepinMINNESOTA,,27053,,2230.72,553.8474749,"1,235,478",0,0.65,10.00%,0.97,3.88%,1.57,84.18%,3.14,82.20%,6.3274,30.92%,11,0.2497,4.2,0.2745,30.8,0.7007,1235478,"43,976",0.0204,6.8,0.1098,0.9927,0.0099,0.7249,0.9096,0.4995,,,0,0.7482,0.1235,1.0799,0.0484,1.5571,0.8348,3.1114,0.7972,6.4967,0.3321,12.9,0.2919,7,0.3454,29.2,0.6982,1184091,38125,0.0232,7.3,0.0876,0.993,0.0105,0.6711,0.9083,0.5285,,,,,,,,,,,,,,,,,,,,,,,,,,,,,,,0.125,0.129,0.262,3.479,0.027,3.479,2.5,18.012,2.20%,0.055
amz,Franklin,OHIO,FranklinOHIO,,39049,,2395.38,532.4132042,"1,275,333",0,1.47,33.92%,1.67,25.28%,1.56,83.73%,2.81,66.99%,7.5169,51.24%,16.3,0.6032,5.2,0.449,36.4,0.7619,1275333,"32,552",0.1532,9,0.2668,0.9424,0.0318,0.5498,0.7498,0.5409,,,0,1.5056,0.3537,1.7014,0.269,1.5221,0.8166,2.8946,0.7011,7.6237,0.5218,18,0.6167,8.1,0.4706,33.6,0.7469,1197592,28807,0.1528,10.2,0.2655,0.9475,0.0328,0.5839,0.8032,0.5272,,,,,,,,,,,,,,,,,,,,,,,,,,,,,,,0.132,0.144,0.267,2.624,0.033,2.624,2.66,18.699,1.10%,0.177
amz,Multnomah,OREGON,MultnomahOREGON,,41051,,1852.56,431.1055765,"798,647",0,1.35,30.67%,0.87,2.96%,1.6,85.67%,3.43,92.71%,7.2466,46.75%,15.1,0.5229,5.6,0.5172,30,0.6921,798647,"36,868",0.0675,8.7,0.2413,0.9869,0.0684,0.8456,0.965,0.5619,,,0,1.6581,0.4015,0.9831,0.0382,1.6097,0.8606,3.4132,0.9086,7.6641,0.5307,18.5,0.6501,9.8,0.6635,28.4,0.6896,757371,31047,0.0923,10,0.2521,0.9847,0.0665,0.809,0.9729,0.5801,,,,,,,,,,,,,,,,,,,,,,,,,,,,,,,0.075,0.084,0.255,3.482,0.042,3.482,0,21.184,2.40%,0.015
amz,Benton,TENNESSEE,BentonTENNESSEE,,47005,,40.86,394.3060389,"16,112",0,3.3,88.44%,2.36,77.24%,0.38,16.33%,2.54,51.00%,8.5837,70.29%,21.4,0.8328,7.8,0.815,7,0.2337,16112,"21,374",0.8389,19.1,0.8166,0.2216,0.8968,0.4056,0.8284,0.185,,,1,3.3715,0.8984,2.5224,0.8472,0.7428,0.3448,2.6266,0.5479,9.2633,0.7867,21.8,0.7997,14.5,0.9398,6.4,0.2528,16345,19168,0.8306,20.9,0.8013,0.1821,0.9274,0.7876,0.5298,0.1996,,,,,,,,,,,,,,,,,,,,,,,,,,,,,,,0.009,0.009,0.334,2.346,0.013,2.346,0,0,0.00%,0
amz,Salt Lake,UTAH,Salt LakeUTAH,,49035,,1510.38,742.0662941,"1,120,805",0,0.89,16.69%,1.48,15.95%,1.55,83.09%,2.49,48.46%,6.4174,32.29%,9.8,0.1742,3.8,0.2188,28.5,0.6769,1120805,"31,648",0.1863,9.6,0.3114,0.9602,0.0716,0.8348,0.4082,0.2184,,,0,1.1968,0.2585,1.503,0.1598,1.5428,0.8281,2.6208,0.5435,6.8634,0.3871,12.9,0.2919,7,0.3454,26.8,0.6711,1063670,26747,0.2515,10.8,0.3079,0.9596,0.063,0.8918,0.4763,0.2302,,,,,,,,,,,,,,,,,,,,,,,,,,,,,,,0.107,0.112,0.263,2.807,0.022,2.807,0,22.626,1.10%,0.001
amz,San Francisco,CALIFORNIA,San FranciscoCALIFORNIA,,06075,,18565.54,46.8633932,"870,044",0,1.06,22.39%,0.34,0.35%,1.91,97.42%,3.53,94.97%,6.8454,39.11%,10.9,0.2427,4.7,0.3634,59.4,0.9258,870044,"64,157",0.0013,11.5,0.4562,0.9968,0.0067,0.9557,0.9952,0.5769,,,0,1.2162,0.2646,0.3999,0.0054,1.9166,0.9777,3.524,0.9357,7.0567,0.419,13.3,0.3168,7.6,0.4139,58.6,0.9293,829072,49986,0.0032,13.3,0.4823,0.9968,0.0022,0.9548,0.9946,0.5756,,,,,,,,,,,,,,,,,,,,,,,,,,,,,,,0.094,0.086,0.149,5.228,0.034,5.228,6.3,19.68,1.90%,0.026
amz,El Paso,COLORADO,El PasoCOLORADO,,08041,,323.56,2126.844422,"688,153",0,1.11,23.79%,1.7,26.46%,1.4,75.39%,2.65,57.82%,6.8606,39.27%,10.9,0.2427,6.2,0.6207,30.5,0.6985,688153,"32,348",0.1624,6.3,0.0834,0.9201,0.1258,0.7249,0.2563,0.625,,,0,1.0653,0.2225,1.7342,0.2872,1.4199,0.7571,2.6737,0.5778,6.893,0.3941,12.5,0.2658,9.3,0.6074,28.9,0.6953,645707,29314,0.1356,6.5,0.0564,0.9312,0.1369,0.6788,0.2974,0.6294,,,,,,,,,,,,,,,,,,,,,,,,,,,,,,,0.117,0.135,0.304,2.811,0.024,2.811,0,18.75,2.30%,0.109
amz,New Castle,DELAWARE,New CastleDELAWARE,,10003,,1302.17,426.3144662,"555,133",0,1.22,27.04%,1.33,10.60%,1.59,85.04%,2.61,55.62%,6.7581,37.61%,11.4,0.2704,6.3,0.6376,41.9,0.8185,555133,"35,847",0.078,8.5,0.2305,0.9363,0.079,0.2604,0.6702,0.6686,,,0,1.015,0.2089,1.4852,0.1512,1.6103,0.8609,2.8093,0.6536,6.9198,0.3976,11.3,0.1948,8.2,0.482,39.6,0.8093,545846,32616,0.0726,10.2,0.2655,0.9357,0.0844,0.4104,0.6979,0.681,,,,,,,,,,,,,,,,,,,,,,,,,,,,,,,0.099,0.109,0.254,1.753,0.012,1.753,0.75,17.686,1.20%,0.135
amz,Duval,FLORIDA,DuvalFLORIDA,,12031,,1211.41,762.9351512,"924,229",0,1.87,47.04%,1.82,34.26%,1.69,89.37%,3.15,82.81%,8.5242,69.20%,15.5,0.5471,6.6,0.6831,46.5,0.8599,924229,"30,012",0.2538,10.5,0.3868,0.9669,0.2146,0.6313,0.7956,0.5409,,,0,2.0124,0.5123,1.7434,0.2964,1.6466,0.8752,3.0102,0.7587,8.4126,0.6644,17.4,0.5829,11.1,0.7813,44.4,0.8532,880750,26267,0.2811,11.6,0.3671,0.971,0.1948,0.5107,0.8032,0.5304,,,,,,,,,,,,,,,,,,,,,,,,,,,,,,,0.095,0.1,0.217,3.642,0.022,3.642,0,20.497,0.90%,0.005
amz,New York,NEW YORK,New YorkNEW YORK,,36061,,72052.99,22.6566576,"1,632,480",0,1.71,42.01%,0.49,0.86%,1.87,96.12%,3.68,97.36%,7.7492,55.10%,16.6,0.6258,5.7,0.5344,53.1,0.8946,1632480,"72,832",0,13,0.5495,1,0.0022,0.9478,0.9997,0.7335,,,0,1.5861,0.3757,0.4874,0.0086,1.8701,0.9621,3.674,0.9678,7.6176,0.5205,17.7,0.5979,8.2,0.482,52.6,0.9,1618398,63610,0,13.7,0.5062,1,0,0.9414,0.9997,0.7329,,,,,,,,,,,,,,,,,,,,,,,,,,,,,,,0.132,0.147,0.147,6.09,0.039,6.09,0,21.806,2.70%,0.07
amz,Mecklenburg,NORTH CAROLINA,MecklenburgNORTH CAROLINA,,37119,,2013.69,523.5725071,"1,054,314",0,1.31,29.52%,1.55,19.10%,1.8,94.01%,2.45,46.16%,7.1053,44.08%,12.7,0.3573,5.8,0.5481,52.7,0.8902,1054314,"37,298",0.0637,9.9,0.3384,0.9822,0.0544,0.5801,0.5294,0.3018,,,0,1.5406,0.3629,1.6947,0.2646,1.795,0.936,2.7335,0.6119,7.7638,0.5508,15.5,0.4585,10.1,0.6902,50.4,0.8892,968500,32817,0.0694,11,0.3225,0.978,0.0535,0.6679,0.6597,0.3744,,,,,,,,,,,,,,,,,,,,,,,,,,,,,,,0.124,0.148,0.214,3.567,0.024,3.567,1,17.355,0.90%,0.055
amz,Allegheny,PENNSYLVANIA,AlleghenyPENNSYLVANIA,,42003,,1678.58,730.1168565,"1,225,561",0,0.91,17.58%,1.23,7.42%,1.09,56.48%,2.7,60.74%,5.9315,25.06%,12.1,0.3194,5.3,0.4691,21.2,0.5807,1225561,"36,907",0.0666,5.7,0.0579,0.9261,0.0239,0.1223,0.9701,0.6562,,,0,0.8424,0.1547,1.3091,0.0942,1.099,0.5549,2.6667,0.5715,5.9172,0.2458,12.9,0.2919,7.6,0.4139,20,0.5785,1229172,32378,0.0745,6.6,0.0621,0.9245,0.0274,0.0783,0.9742,0.6622,,,,,,,,,,,,,,,,,,,,,,,,,,,,,,,0.1,0.109,0.257,2.787,0.03,2.787,0,17.29,2.30%,0.155
amz,Cumberland,PENNSYLVANIA,CumberlandPENNSYLVANIA,,42041,,453.59,545.4990921,"247,433",0,0.53,6.46%,1.14,6.05%,1.1,56.77%,2.46,47.12%,5.2364,16.15%,7.4,0.0611,3.8,0.2188,13.7,0.4422,247433,"36,012",0.0755,7.7,0.1748,0.7985,0.1917,0.1223,0.5294,0.8227,,,0,0.5387,0.0684,1.0844,0.05,1.0054,0.4986,2.5775,0.5244,5.206,0.1522,8.7,0.0767,5.9,0.2286,11.7,0.418,239420,32179,0.0777,8.5,0.1557,0.8246,0.212,0.1808,0.5298,0.8303,,,,,,,,,,,,,,,,,,,,,,,,,,,,,,,0.057,0.062,0.347,1.831,0.022,1.831,0,16.888,2.30%,0.292
amz,Davidson,TENNESSEE,DavidsonTENNESSEE,,47037,,1358.55,503.4896212,"684,017",0,1.51,35.35%,1.27,8.63%,1.76,92.33%,3.11,81.25%,7.6518,53.63%,16.4,0.6111,4.6,0.3487,43.8,0.8389,684017,"34,343",0.1029,11.4,0.4473,0.986,0.0579,0.7434,0.6425,0.6819,,,0,1.795,0.4473,1.3018,0.0904,1.7265,0.9124,3.1936,0.8395,8.0169,0.596,18.8,0.667,8.2,0.482,42.9,0.8421,648048,28971,0.1474,13.6,0.4986,0.9844,0.0497,0.7106,0.7189,0.73,,,,,,,,,,,,,,,,,,,,,,,,,,,,,,,0.107,0.108,0.244,3.287,0.027,3.287,0,0,3.20%,0.144
amz,Bexar,TEXAS,BexarTEXAS,,48029,,1552.85,1240.213942,"1,925,865",0,2.31,60.48%,2.15,62.05%,1.91,97.33%,3.04,78.10%,9.4091,82.58%,16.3,0.6032,5.8,0.5481,72,0.971,1925865,"26,988",0.4452,16.2,0.7112,0.9573,0.1044,0.8873,0.7112,0.3792,,,0,2.1178,0.5473,2.1773,0.6316,1.9089,0.9752,3.2362,0.8564,9.4403,0.8125,17.8,0.6039,8,0.4562,70.4,0.9707,1789088,24525,0.4005,17,0.6571,0.9583,0.1035,0.9166,0.7717,0.4862,,,,,,,,,,,,,,,,,,,,,,,,,,,,,,,0.124,0.143,0.232,2.776,0.027,2.776,0,15.981,0.80%,-0.11
amz,Fairfax,VIRGINIA,FairfaxVIRGINIA,,51059,,2924.63,390.9994371,"1,143,529",0,0.5,5.83%,0.98,4.11%,1.82,94.40%,2.17,32.54%,5.4797,18.76%,6.2,0.0334,4.2,0.2745,48.8,0.8742,1143529,"54,725",0.0038,7.9,0.1907,0.9834,0.021,0.8198,0.2563,0.0936,,,0,0.3066,0.0172,0.9268,0.0341,1.8134,0.9408,2.0876,0.2865,5.1344,0.1439,6,0.0169,5.1,0.1617,46.8,0.8707,1117072,51137,0.0019,8.1,0.1261,0.9857,0.0178,0.7654,0.2362,0.0825,,,,,,,,,,,,,,,,,,,,,,,,,,,,,,,0.095,0.105,0.154,2.474,0.028,2.474,0,0,0.20%,-0.093
amz,Pierce,WASHINGTON,PierceWASHINGTON,,53053,,515.55,1667.807628,"859,840",0,1.19,26.34%,1.74,28.94%,1.53,82.23%,2.89,70.46%,7.3509,48.73%,11.2,0.2608,5.8,0.5481,32.7,0.7198,859840,"32,874",0.1424,8.7,0.2413,0.9153,0.2792,0.7249,0.4435,0.5244,,,0,1.3582,0.3088,1.8841,0.39,1.533,0.8227,2.9271,0.7195,7.7023,0.5365,12.6,0.2709,10.3,0.7077,30.7,0.7141,812689,28571,0.1608,9.5,0.2187,0.9204,0.2763,0.7252,0.4588,0.5463,,,,,,,,,,,,,,,,,,,,,,,,,,,,,,,0.078,0.075,0.249,2.818,0.019,2.818,0,20.55,0.90%,0.09
amz,Pima,ARIZONA,PimaARIZONA,,04019,,110.99,9187.218652,"1,019,722",0,2.31,60.61%,2.1,56.89%,1.77,92.77%,3.74,98.25%,9.9152,88.28%,17.8,0.6959,7.6,0.7971,47.9,0.8698,1019722,"28,480",0.3446,11.7,0.4712,0.9293,0.4741,0.865,0.8201,0.6562,,,0,2.1948,0.5727,1.9446,0.4381,1.7514,0.921,3.7393,0.9748,9.6301,0.8402,19,0.6813,10.8,0.7568,45.9,0.8647,993144,25524,0.3317,12.5,0.425,0.9411,0.4753,0.8784,0.8223,0.6221,,,,,,,,,,,,,,,,,,,,,,,,,,,,,,,0.118,0.133,0.258,2.468,0.024,2.468,1.66,19.5,0.70%,0.043
amz,Alameda,CALIFORNIA,AlamedaCALIFORNIA,,06001,,2229.35,737.299612,"1,643,700",0,1.17,25.48%,0.78,2.39%,1.93,98.06%,3.39,91.60%,7.2668,47.01%,10.6,0.2239,5.1,0.4303,68.2,0.9618,1643700,"44,283",0.0194,12,0.4925,0.9819,0.0443,0.9736,0.8892,0.4995,,,0,1.4479,0.3359,1.0188,0.0433,1.9296,0.9815,3.3989,0.9067,7.7953,0.5565,12.9,0.2919,9.6,0.6402,66.7,0.9612,1559308,36439,0.0334,13.3,0.4823,0.9834,0.0398,0.9503,0.9029,0.5224,,,,,,,,,,,,,,,,,,,,,,,,,,,,,,,0.124,0.133,0.21,3.891,0.025,3.891,6.3,23.86,1.50%,0.163
amz,San Mateo,CALIFORNIA,San MateoCALIFORNIA,,06081,,1707.26,448.6353251,"765,935",0,0.72,11.85%,0.74,2.01%,1.89,96.82%,2.69,60.43%,6.0364,26.50%,7,0.0497,4.1,0.2611,60.4,0.9309,765935,"57,375",0.0019,10.8,0.4088,0.9784,0.0392,0.9745,0.4435,0.2582,,,0,0.8036,0.142,0.7867,0.021,1.8933,0.971,2.7042,0.5938,6.1878,0.284,7.6,0.0462,7.4,0.3881,58.8,0.9309,739837,47198,0.006,11.5,0.3633,0.979,0.0357,0.9678,0.4588,0.263,,,,,,,,,,,,,,,,,,,,,,,,,,,,,,,0.08,0.107,0.225,2.807,0.019,2.807,6.3,22.268,0.70%,-0.123
amz,Adams,COLORADO,AdamsCOLORADO,,08001,,426.25,1166.256942,"497,115",0,1.65,40.06%,1.89,40.08%,1.82,94.43%,2.61,55.24%,7.9667,58.92%,11.5,0.2803,4.4,0.3121,49.4,0.8765,497115,"28,897",0.3131,17,0.7424,0.9538,0.3028,0.9351,0.32,0.0936,,,0,2.079,0.5314,1.9058,0.4097,1.8255,0.9462,2.6708,0.5756,8.4811,0.6759,14.1,0.3715,9.3,0.6074,47.5,0.8752,461558,24667,0.3903,18.2,0.7096,0.9561,0.2849,0.9277,0.4018,0.1003,,,,,,,,,,,,,,,,,,,,,,,,,,,,,,,0.098,0.11,0.194,2.37,0.028,2.37,0,20.138,2.50%,-0.085
amz,Denver,COLORADO,DenverCOLORADO,,08031,,4523.5,153.2920296,"693,417",0,1.25,27.80%,0.7,1.75%,1.8,93.82%,3.25,87.17%,6.9945,41.97%,13.8,0.428,4,0.2455,46.3,0.859,693417,"41,196",0.0328,12.9,0.5438,0.9962,0.0137,0.7953,0.9074,0.5409,,,0,1.66,0.4021,0.8606,0.0287,1.8169,0.943,3.3521,0.8914,7.6896,0.5342,18.3,0.638,7.8,0.4352,47.1,0.873,633777,34423,0.0481,14.4,0.5387,0.9959,0.0105,0.8322,0.9382,0.5753,,,,,,,,,,,,,,,,,,,,,,,,,,,,,,,0.075,0.084,0.246,5.005,0.042,5.005,0,21.629,2.90%,0.001
amz,Hillsborough,FLORIDA,HillsboroughFLORIDA,,12057,,1349.4,1021.84785,"1,378,883",0,1.81,45.00%,1.66,24.58%,1.82,94.59%,3.11,80.99%,8.4025,67.01%,15.3,0.536,6.1,0.6032,50.5,0.8816,1378883,"31,173",0.2067,11.6,0.4629,0.9624,0.3343,0.809,0.6565,0.3457,,,0,1.9252,0.4887,1.7151,0.2744,1.7982,0.937,3.1538,0.8227,8.5922,0.6937,17.2,0.5712,10.1,0.6902,47.6,0.8755,1279668,27532,0.2092,12.9,0.4546,0.9698,0.3473,0.7663,0.6753,0.3951,,,,,,,,,,,,,,,,,,,,,,,,,,,,,,,0.102,0.115,0.239,2.84,0.024,2.84,0,17.738,1.00%,0.03
amz,Jackson,GEORGIA,JacksonGEORGIA,,13157,,193.59,339.666148,"65,755",0,1.78,44.36%,1.79,32.70%,1.28,67.84%,1.76,17.35%,6.618,35.16%,11,0.2497,4.8,0.3838,18,0.533,65755,"27,115",0.436,16.3,0.7147,0.2798,0.6558,0.3359,0.3012,0.185,,,0,2.1796,0.5683,1.7784,0.3161,1.3149,0.6855,1.9978,0.2477,7.2706,0.4588,15,0.4279,8.4,0.5072,16.9,0.5345,60928,23076,0.5256,18.5,0.7189,0.4056,0.6721,0.4403,0.2499,0.2299,,,,,,,,,,,,,,,,,,,,,,,,,,,,,,,0.009,0.012,0.245,2.021,0.023,2.021,0,16.496,0.00%,0
amz,Johnson,KANSAS,JohnsonKANSAS,,20091,,1236.25,473.6110758,"585,502",0,0.19,0.61%,1.33,10.57%,1.29,68.61%,1.41,7.83%,4.2298,6.15%,5.6,0.0226,3.1,0.1369,19.8,0.5606,585502,"44,986",0.0172,4.1,0.015,0.9,0.0239,0.2604,0.1328,0.0936,,,0,0.2038,0.0067,1.3569,0.1047,1.276,0.6628,1.4091,0.0672,4.2458,0.0579,6.5,0.0239,5,0.1531,18.7,0.5619,560025,39447,0.0172,4.3,0.0096,0.9054,0.0239,0.2553,0.12,0.1044,,,,,,,,,,,,,,,,,,,,,,,,,,,,,,,0.106,0.135,0.309,2.312,0.022,2.312,0.2,15.651,0.70%,-0.104
amz,Bullitt,KENTUCKY,BullittKENTUCKY,,21029,,267.53,297.0308871,"79,466",0,1.51,35.48%,1.83,35.21%,0.38,16.08%,1.34,6.40%,5.0523,13.85%,10.6,0.2239,4.8,0.3838,5.4,0.1506,79466,"27,423",0.4121,12,0.4925,0.4317,0.4015,0.4056,0.063,0.0341,,,0,1.6332,0.3916,2.0366,0.5145,0.3056,0.106,1.2776,0.0462,5.2531,0.157,10.8,0.1687,8.6,0.5288,4.5,0.1429,76093,24364,0.4126,14.1,0.5231,0.4801,0.3992,0.2951,0.077,0.0261,,,,,,,,,,,,,,,,,,,,,,,,,,,,,,,0.023,0.016,0.18,0.862,0.007,0.862,0.2,18.409,0.00%,0
amz,Fayette,KENTUCKY,FayetteKENTUCKY,,21067,,1123.74,283.6367061,"318,734",0,1.6,38.41%,1.25,7.74%,1.49,80.29%,3.02,77.01%,7.3517,48.76%,17.8,0.6959,5.4,0.4876,28.7,0.6807,318734,"32,965",0.1392,9.1,0.2744,0.9653,0.0392,0.4817,0.7794,0.7507,,,0,1.6001,0.3795,1.1799,0.0665,1.4973,0.8036,3.1188,0.8036,7.3961,0.4826,19.3,0.6963,8,0.4562,27.4,0.6769,304473,29168,0.1398,10.8,0.3079,0.9704,0.0357,0.5253,0.8112,0.7762,,,,,,,,,,,,,,,,,,,,,,,,,,,,,,,0.113,0.122,0.342,1.53,0.023,1.53,0.2,16.048,1.90%,0.091
amz,Jefferson,KENTUCKY,JeffersonKENTUCKY,,21111,,2015.19,380.6852299,"767,154",0,1.59,38.12%,1.86,37.95%,1.49,80.01%,2.91,71.28%,7.8457,56.82%,14.8,0.5006,5.9,0.5669,32.1,0.7131,767154,"31,980",0.1742,10,0.3477,0.9201,0.0544,0.518,0.8892,0.5244,,,0,1.6867,0.4101,2.0111,0.4925,1.467,0.7841,2.7507,0.6211,7.9156,0.5756,16.7,0.5349,9.3,0.6074,30.1,0.7065,751485,28464,0.164,11.8,0.3805,0.9284,0.0449,0.3696,0.8978,0.51,,,,,,,,,,,,,,,,,,,,,,,,,,,,,,,0.122,0.133,0.265,1.905,0.022,1.905,0.2,17.343,1.70%,0.041
amz,Oakland,MICHIGAN,OaklandMICHIGAN,,26125,,1442.05,867.4038369,"1,250,843",0,0.6,8.34%,1.03,4.55%,1.41,75.93%,1.8,18.40%,4.8328,11.40%,8.6,0.1115,4.8,0.3838,27.7,0.6651,1250843,"42,760",0.0258,6.1,0.0755,0.9,0.1105,0.1888,0.4435,0.1525,,,0,0.8437,0.1554,1.2671,0.0818,1.3992,0.744,1.8727,0.1964,5.3827,0.1726,10.4,0.1493,9.1,0.588,26,0.6622,1220798,37089,0.0299,7,0.0764,0.9102,0.1098,0.269,0.4588,0.1248,,,,,,,,,,,,,,,,,,,,,,,,,,,,,,,0.112,0.135,0.222,2.456,0.027,2.456,0,19.749,0.90%,-0.153
amz,St. Louis,MISSOURI,St. LouisMISSOURI,,29189,,1968.14,507.4263149,"998,684",0,0.76,12.77%,1.69,25.88%,1.38,74.31%,2.18,32.73%,6.0131,26.11%,9.7,0.1675,5.2,0.449,33.5,0.7284,998684,"39,784",0.0417,6.7,0.1051,0.8863,0.0099,0.155,0.6565,0.4728,,,0,0.7819,0.1356,1.7463,0.2977,1.3878,0.7332,2.2436,0.3537,6.1595,0.2792,10.8,0.1687,8.2,0.482,31.9,0.7275,1000423,35388,0.0401,7.4,0.0911,0.8988,0.0067,0.1662,0.6979,0.4741,,,,,,,,,,,,,,,,,,,,,,,,,,,,,,,0.106,0.133,0.234,1.562,0.022,1.562,0,17.15,1.70%,0.101
amz,Middlesex,NEW JERSEY,MiddlesexNEW JERSEY,,34023,,2673.51,309.2179767,"826,698",0,1.04,21.34%,0.98,4.01%,1.86,95.92%,3.36,90.70%,7.2377,46.59%,8.5,0.1048,5.6,0.5172,56.2,0.9093,826698,"38,140",0.0554,10.2,0.3626,0.9634,0.0239,0.8873,0.7498,0.7335,,,0,0.9618,0.1917,1.0395,0.0449,1.8567,0.9586,3.3034,0.8758,7.1614,0.4387,8.5,0.0697,8.4,0.5072,53,0.9016,824046,34616,0.0468,11.2,0.3381,0.9637,0.0239,0.8679,0.7596,0.6883,,,,,,,,,,,,,,,,,,,,,,,,,,,,,,,0.066,0.07,0.242,2.475,0.032,2.475,7.22,0,0.10%,0.169
amz,Kings,NEW YORK,KingsNEW YORK,,36047,,37490.16,69.3714579,"2,600,747",0,2.52,67.36%,1.51,17.38%,1.93,97.99%,3.37,90.96%,9.3283,81.53%,21.1,0.8252,7,0.7347,63.8,0.943,2600747,"31,984",0.1736,18.4,0.7883,0.9981,0.0022,0.9889,0.9981,0.3792,,,0,2.7058,0.7237,1.6336,0.2267,1.9405,0.9854,3.3422,0.8886,9.6221,0.8376,23.4,0.8561,10.6,0.7396,64.3,0.9542,2570801,25932,0.3002,21.1,0.8099,0.9981,0.0022,0.9882,0.9984,0.3553,,,,,,,,,,,,,,,,,,,,,,,,,,,,,,,0.076,0.08,0.1,0,0,0,0,19.695,1.40%,-0.11
amz,Summit,OHIO,SummitOHIO,,39153,,1312.48,412.8133012,"541,810",0,1.29,29.08%,1.61,22.25%,1.26,66.06%,2.34,40.37%,6.5012,33.34%,13.1,0.3838,5.6,0.5172,22.7,0.6011,541810,"32,055",0.1704,8.4,0.2232,0.8892,0.0357,0.155,0.8453,0.4126,,,0,1.4113,0.3247,1.66,0.2436,1.1585,0.589,2.283,0.3741,6.5129,0.3349,14.7,0.4069,9.5,0.6301,21,0.5931,541464,28389,0.1691,9.3,0.2053,0.8914,0.0328,0.1178,0.8386,0.4024,,,,,,,,,,,,,,,,,,,,,,,,,,,,,,,0.111,0.132,0.306,2.402,0.027,2.402,2.66,18.54,0.60%,-0.046
amz,Oklahoma,OKLAHOMA,OklahomaOKLAHOMA,,40109,,1103.31,708.8236579,"782,051",0,1.81,44.94%,2.11,58.77%,1.73,91.21%,2.83,67.65%,8.4723,68.18%,16.7,0.6338,4.9,0.3981,43.6,0.8357,782051,"30,398",0.2369,12.8,0.539,0.9029,0.1105,0.7249,0.5626,0.5244,,,0,1.6975,0.4132,2.1156,0.5798,1.7246,0.9112,2.9417,0.7262,8.4795,0.6753,18.5,0.6501,6.6,0.3025,41.6,0.8287,743145,27114,0.2295,13.9,0.5154,0.9195,0.1035,0.7533,0.6597,0.5059,,,,,,,,,,,,,,,,,,,,,,,,,,,,,,,0.107,0.126,0.304,1.919,0.019,1.919,0,17.248,1.70%,-0.099
amz,Montgomery,PENNSYLVANIA,MontgomeryPENNSYLVANIA,,42091,,1700.57,482.957713,"821,301",0,0.46,4.46%,1.1,5.54%,1.37,73.10%,2.34,40.40%,5.2671,16.53%,6.2,0.0334,4.6,0.3487,23.9,0.6208,821301,"46,776",0.0131,5.8,0.0611,0.9468,0.0318,0.2203,0.5142,0.625,,,0,0.4142,0.036,1.1041,0.0528,1.3747,0.7262,2.2646,0.3655,5.1576,0.1452,6.4,0.0229,6.8,0.3222,22.1,0.6097,809372,41699,0.0127,6.5,0.0564,0.9452,0.0293,0.1359,0.546,0.6081,,,,,,,,,,,,,,,,,,,,,,,,,,,,,,,0.079,0.101,0.273,2.004,0.021,2.004,0,17.477,1.20%,0.021
amz,Lexington,SOUTH CAROLINA,LexingtonSOUTH CAROLINA,,45063,,409.61,698.9898801,"286,316",0,1.51,35.45%,1.81,33.65%,1.34,71.19%,2.46,46.93%,7.1155,44.20%,12.7,0.3573,5.7,0.5344,24.8,0.632,286316,"30,316",0.2408,10.4,0.3792,0.7065,0.7485,0.4817,0.3381,0.185,,,0,1.5113,0.355,1.7323,0.2853,1.3524,0.7103,2.3859,0.4234,6.9819,0.4088,14.3,0.3824,8.6,0.5288,23.7,0.6326,270263,27026,0.2369,11.5,0.3633,0.7214,0.7832,0.4008,0.3136,0.1668,,,,,,,,,,,,,,,,,,,,,,,,,,,,,,,0.077,0.094,0.227,2.152,0.02,2.152,0,15.783,0.90%,-0.322
amz,Shelby,TENNESSEE,ShelbyTENNESSEE,,47157,,1227.13,763.5744639,"937,005",0,2.41,64.08%,2.11,57.72%,1.69,89.68%,2.87,69.72%,9.0782,78.47%,20.6,0.808,7.7,0.8051,63.9,0.9443,937005,"28,828",0.3204,11.8,0.4756,0.9083,0.0318,0.6049,0.8529,0.4728,,,0,2.3655,0.6243,2.1522,0.6119,1.7135,0.907,2.9987,0.7529,9.2299,0.781,21.3,0.7826,11.3,0.7982,62.2,0.9452,936130,25913,0.3025,13.3,0.4823,0.9115,0.0357,0.7259,0.8685,0.4572,,,,,,,,,,,,,,,,,,,,,,,,,,,,,,,0.159,0.175,0.23,3.208,0.022,3.208,0,0,1.40%,-0.073
amz,Wilson,TENNESSEE,WilsonTENNESSEE,,47189,,232.3,571.0910331,"132,663",0,0.71,11.56%,1.63,22.95%,1.07,55.01%,1.71,15.82%,5.1197,14.65%,8.2,0.0882,3.9,0.2334,14.4,0.4588,132663,"32,850",0.1433,8.8,0.2499,0.7453,0.3639,0.2604,0.121,0.2184,,,0,1.0392,0.2152,1.6921,0.2633,0.9745,0.4776,1.6743,0.1359,5.3801,0.1716,10.4,0.1493,7.3,0.3776,13.2,0.4581,119584,28435,0.1659,11.3,0.3464,0.6578,0.3865,0.3107,0.1016,0.2178,,,,,,,,,,,,,,,,,,,,,,,,,,,,,,,0.067,0.062,0.197,2.019,0.013,2.019,0,0,1.10%,-0.059
amz,Milwaukee,WISCONSIN,MilwaukeeWISCONSIN,,55079,,3951.44,241.4838523,"954,209",0,2.27,59.49%,2.04,52.09%,1.73,91.31%,3.21,85.29%,9.2527,80.61%,19.9,0.7841,6.2,0.6207,48.3,0.8723,954209,"28,121",0.3627,12.2,0.5056,0.9736,0.021,0.6622,0.9755,0.5769,,,0,2.4308,0.6383,2.1105,0.5747,1.7281,0.9134,3.2649,0.866,9.5342,0.8255,21.9,0.8036,10.5,0.7278,46.4,0.8672,953401,24622,0.3932,13.7,0.5062,0.9748,0.0178,0.7189,0.9784,0.575,,,,,,,,,,,,,,,,,,,,,,,,,,,,,,,0.1,0.099,0.289,3.376,0.028,3.376,0.25,17.675,1.20%,0.082
amz,Marshall,ALABAMA,MarshallALABAMA,,01095,,168.15,565.8447822,"95,145",0,2.77,74.27%,2.36,76.82%,1.44,77.08%,2.15,31.49%,8.7109,72.61%,21.7,0.8427,5.1,0.4303,18.8,0.5476,95145,"23,833",0.6764,19.1,0.8166,0.298,0.6444,0.6864,0.3381,0.185,,,0,2.9169,0.7851,2.6103,0.8844,1.4435,0.7698,2.5333,0.4967,9.504,0.8208,19.9,0.7262,9.5,0.6301,17,0.5358,94121,20975,0.6966,22.9,0.8641,0.3843,0.6651,0.8332,0.4588,0.192,,,,,,,,,,,,,,,,,,,,,,,,,,,,,,,0.011,0.008,0.38,2.283,0.014,2.283,0,18.174,1.20%,-0.113
amz,Mobile,ALABAMA,MobileALABAMA,,01097,,337.29,1229.369243,"414,659",0,2.55,68.15%,2.12,58.99%,1.29,68.45%,2.92,72.30%,8.8777,75.32%,19.3,0.7592,6.2,0.6207,42.8,0.8268,414659,"25,215",0.5745,13.8,0.5922,0.8577,0.3639,0.518,0.6425,0.5409,,,0,2.6125,0.696,2.3171,0.7358,1.3884,0.7335,3.0159,0.7609,9.334,0.7975,19.9,0.7262,11.1,0.7813,41.6,0.8284,414045,23009,0.5323,15.1,0.5727,0.8115,0.3865,0.5603,0.6753,0.5823,,,,,,,,,,,,,,,,,,,,,,,,,,,,,,,0.089,0.081,0.249,1.72,0.02,1.72,0,18.366,1.30%,0.018
amz,Fresno,CALIFORNIA,FresnoCALIFORNIA,,06019,,164.17,5958.095977,"978,130",3,3.48,92.42%,2.24,69.05%,1.95,98.92%,3.19,84.40%,10.8659,96.11%,24.1,0.9013,9.4,0.9175,70.2,0.9672,978130,"23,284",0.714,24.7,0.9472,0.8013,0.1643,0.9854,0.8284,0.4126,,,3,3.5638,0.9427,2.2063,0.6514,1.9513,0.9892,3.327,0.8854,11.0484,0.9653,27.4,0.9335,14.3,0.9347,68.4,0.9659,948844,20231,0.7529,26.8,0.9427,0.8411,0.1722,0.9876,0.8586,0.4674,,,,,,,,,,,,,,,,,,,,,,,,,,,,,,,0.107,0.13,0.319,3.312,0.02,3.312,6.3,23.13,1.10%,-0.013
amz,Sacramento,CALIFORNIA,SacramentoCALIFORNIA,,06067,,1564.07,965.444539,"1,510,023",0,2.07,53.38%,1.83,35.63%,1.85,95.35%,2.99,76.03%,8.7464,73.38%,15.8,0.5675,7.4,0.779,54.8,0.9013,1510023,"31,311",0.2003,12.6,0.5269,0.9261,0.0866,0.9198,0.6829,0.3792,,,0,2.2642,0.5922,2.0484,0.5288,1.8494,0.9542,3.1385,0.8144,9.3005,0.7943,18.1,0.624,13.1,0.8937,52.7,0.9004,1450277,27071,0.234,13.8,0.5126,0.9316,0.0844,0.9265,0.7517,0.4444,,,,,,,,,,,,,,,,,,,,,,,,,,,,,,,0.099,0.106,0.238,3.94,0.019,3.94,6.3,23.896,0.90%,-0.055
amz,Boulder,COLORADO,BoulderCOLORADO,,08013,,441.96,726.3699076,"321,030",0,0.78,13.34%,0.55,1.11%,1.34,71.57%,2.64,56.73%,5.309,17.04%,12.5,0.343,4.8,0.3838,22.2,0.5934,321030,"43,831",0.0207,4.9,0.0334,0.9675,0.1152,0.4056,0.4225,0.7262,,,0,0.794,0.1414,0.6297,0.0146,1.4059,0.7466,2.6877,0.5848,5.5174,0.1875,14.6,0.4002,6.9,0.3343,21.2,0.5957,305166,38524,0.0207,6,0.0388,0.9653,0.1035,0.5148,0.4018,0.7023,,,,,,,,,,,,,,,,,,,,,,,,,,,,,,,0.097,0.097,0.342,2.347,0.029,2.347,0,19.738,1.00%,0.253
amz,Hartford,CONNECTICUT,HartfordCONNECTICUT,,09003,,1217.38,734.9621057,"894,730",0,1.36,31.11%,1.54,18.69%,1.68,89.05%,2.95,73.70%,7.5308,51.50%,11.1,0.2551,6.5,0.6697,38.1,0.7822,894730,"39,260",0.0484,10.5,0.3868,0.9408,0.0188,0.4056,0.9261,0.6562,,,0,1.3505,0.306,1.7463,0.2983,1.6641,0.8816,3.1019,0.7921,7.8628,0.567,12.1,0.2467,10.3,0.7077,35.5,0.7698,897374,35307,0.0408,11.4,0.3553,0.9468,0.021,0.5291,0.922,0.6829,,,,,,,,,,,,,,,,,,,,,,,,,,,,,,,0.119,0.121,0.31,2.571,0.029,2.571,0,14.912,0.70%,-0.025
amz,Volusia,FLORIDA,VolusiaFLORIDA,,12127,,479.13,1101.242632,"527,634",0,1.82,45.25%,1.94,44.06%,1.32,70.33%,2.56,52.05%,7.6394,53.47%,15.2,0.5287,5.6,0.5172,27.7,0.6651,527634,"27,272",0.4242,10,0.3477,0.9363,0.411,0.2203,0.5441,0.4448,,,0,2.1624,0.5635,1.9121,0.4148,1.3722,0.7246,2.836,0.6692,8.2827,0.639,17.6,0.5915,10.5,0.7278,25.8,0.6587,498981,23844,0.4543,11.9,0.3887,0.9433,0.3992,0.3104,0.6297,0.5533,,,,,,,,,,,,,,,,,,,,,,,,,,,,,,,0.052,0.051,0.304,2.742,0.023,2.742,0,17.43,0.90%,0.012
amz,Cobb,GEORGIA,CobbGEORGIA,,13067,,2192.92,339.7560777,"745,057",0,0.87,15.83%,1.52,17.57%,1.75,92.17%,1.92,22.64%,6.0499,26.69%,10,0.1854,5,0.4166,47.5,0.8666,745057,"38,268",0.0545,8.2,0.2095,0.9557,0.0484,0.4817,0.171,0.2582,,,0,1.135,0.2439,1.6211,0.219,1.7364,0.9156,1.9815,0.2397,6.4741,0.3286,13,0.2983,9.1,0.588,45,0.8583,708920,33418,0.0608,9,0.1878,0.9564,0.0414,0.5298,0.1933,0.2607,,,,,,,,,,,,,,,,,,,,,,,,,,,,,,,0.107,0.128,0.172,2.648,0.019,2.648,0,18.1,0.80%,-0.054
amz,Gwinnett,GEORGIA,GwinnettGEORGIA,,13135,,2095.67,430.552926,"902,298",0,1.43,32.99%,1.8,33.24%,1.89,97.17%,1.95,23.37%,7.0665,43.47%,11.4,0.2704,4.7,0.3634,61.7,0.9379,902298,"29,474",0.2803,12.3,0.5113,0.9175,0.0608,0.7803,0.1328,0.0541,,,0,1.7211,0.4218,1.8481,0.3661,1.8838,0.9675,1.8383,0.1862,7.2913,0.4655,13.8,0.3531,9.5,0.6301,57.9,0.9261,842091,26060,0.2951,12.7,0.4429,0.9035,0.0535,0.7469,0.0844,0.05,,,,,,,,,,,,,,,,,,,,,,,,,,,,,,,0.071,0.081,0.175,2.379,0.025,2.379,0,17.528,0.30%,-0.117
amz,Canyon,IDAHO,CanyonIDAHO,,16027,,361.52,587.0437558,"212,230",0,2.74,73.60%,2.1,57.47%,1.58,84.62%,2.34,40.82%,8.7674,73.66%,15.2,0.5287,6.5,0.6697,29.4,0.6883,212230,"20,807",0.8688,15.4,0.6753,0.5333,0.3703,0.8911,0.171,0.3792,,,1,3.0312,0.8128,2.2178,0.6632,1.5724,0.8421,2.4524,0.4537,9.2738,0.7889,20.4,0.7514,10.4,0.7189,28.2,0.687,195353,17954,0.9016,17.1,0.6593,0.4699,0.3922,0.9153,0.3136,0.3613,,,,,,,,,,,,,,,,,,,,,,,,,,,,,,,0.036,0.037,0.334,1.537,0.014,1.537,0.4,19.775,1.50%,0.2
amz,DuPage,ILLINOIS,DuPageILLINOIS,,17043,,2843.05,327.7267077,"931,743",0,0.55,6.78%,0.96,3.79%,1.6,85.26%,2.13,30.79%,5.2344,16.11%,6.8,0.0443,4.5,0.3299,32.7,0.7198,931743,"43,982",0.0201,7.4,0.1522,0.9675,0.0067,0.6313,0.2248,0.3018,,,0,0.616,0.092,1.0121,0.0427,1.5998,0.8551,2.1124,0.2989,5.3403,0.1678,7.1,0.0363,8,0.4562,30.9,0.7157,926485,38931,0.0181,7.7,0.1054,0.9685,0.0067,0.6724,0.1808,0.284,,,,,,,,,,,,,,,,,,,,,,,,,,,,,,,0.05,0.061,0.241,2.483,0.028,2.483,0,18.731,0.80%,-0.001
amz,Kane,ILLINOIS,KaneILLINOIS,,17089,,1022.1,519.3589504,"530,839",0,1.48,33.98%,1.63,22.86%,1.78,93.09%,2.1,29.58%,6.9792,41.69%,10,0.1854,5.5,0.5006,42.7,0.8252,530839,"34,924",0.0911,15.9,0.6988,0.8026,0.021,0.8551,0.2697,0.1525,,,0,1.5333,0.361,1.5673,0.1929,1.7886,0.9328,2.2378,0.3512,7.127,0.4323,11.5,0.2098,8.9,0.5645,41.5,0.8281,521874,30645,0.1019,17,0.6571,0.8313,0.0239,0.9016,0.2974,0.1837,,,,,,,,,,,,,,,,,,,,,,,,,,,,,,,0.09,0.11,0.277,2.675,0.03,2.675,0,19.12,1.00%,-0.11
amz,Lake,ILLINOIS,LakeILLINOIS,,17097,,1584.94,443.9412703,"703,619",0,0.93,18.15%,1.42,13.63%,1.69,89.49%,2.58,53.65%,6.6175,35.13%,8.3,0.0936,5.6,0.5172,37.8,0.7791,703619,"44,287",0.0191,9.4,0.2964,0.9029,0.0646,0.6313,0.3715,0.6059,,,0,1.0118,0.206,1.4823,0.1503,1.6896,0.8946,2.5724,0.5199,6.7561,0.3719,9.4,0.107,9,0.5759,35.8,0.7746,703170,38459,0.021,10.8,0.3079,0.8991,0.0599,0.6734,0.3273,0.6129,,,,,,,,,,,,,,,,,,,,,,,,,,,,,,,0.132,0.17,0.238,2.503,0.027,2.503,0,17.964,0.80%,-0.149
amz,Madison,ILLINOIS,MadisonILLINOIS,,17119,,371.02,716.0490622,"265,670",0,1.54,36.46%,1.67,25.18%,0.76,37.12%,2.27,37.25%,6.2467,29.65%,13.7,0.4229,6.8,0.7092,14.7,0.4645,265670,"30,802",0.2201,7.9,0.1907,0.6937,0.1152,0.2964,0.6425,0.5244,,,0,1.2668,0.2811,1.5584,0.1882,0.7443,0.347,1.9344,0.2194,5.504,0.1866,13.9,0.3594,8.9,0.5645,13.8,0.4706,267937,28093,0.1818,8.6,0.1611,0.6479,0.1226,0.1579,0.546,0.46,,,,,,,,,,,,,,,,,,,,,,,,,,,,,,,0.054,0.061,0.324,1.737,0.018,1.737,0,19.738,0.80%,0.027
amz,Boone,INDIANA,BooneINDIANA,,18011,,152.09,422.9117739,"64,321",0,0.2,0.73%,1.44,14.29%,0.82,40.46%,1.59,12.42%,4.059,4.49%,5.4,0.0182,2.5,0.0777,8.9,0.3095,64321,"44,712",0.0182,6.4,0.0898,0.8255,0.1442,0.2604,0.2114,0.1525,,,0,0.2458,0.0096,1.3585,0.1057,0.596,0.263,1.6549,0.1315,3.8551,0.0315,6.9,0.0325,4.8,0.1423,7.3,0.283,59246,38024,0.0242,6.3,0.0468,0.7781,0.1684,0.3782,0.1933,0.1369,,,,,,,,,,,,,,,,,,,,,,,,,,,,,,,0.056,0.098,0.304,2.242,0.016,2.242,0,19.427,0.00%,-0.078
amz,Hendricks,INDIANA,HendricksINDIANA,,18063,,395.53,406.8933452,"160,940",0,0.44,4.14%,1.6,21.27%,1.05,54.03%,1.42,8.02%,4.5062,8.15%,5.3,0.0146,3.9,0.2334,15.1,0.4718,160940,"34,689",0.0955,6.6,0.1,0.7418,0.0443,0.1888,0.0283,0.4126,,,0,0.4282,0.0392,1.3945,0.1168,0.9188,0.4451,1.5928,0.1117,4.3343,0.064,5.8,0.0131,6.1,0.2486,12.8,0.4473,150977,30018,0.1159,6.4,0.0506,0.7205,0.0755,0.2652,0.0306,0.5011,,,,,,,,,,,,,,,,,,,,,,,,,,,,,,,0.021,0.02,0.247,1.939,0.015,1.939,0,19.47,0.00%,0
amz,Johnson,IOWA,JohnsonIOWA,,19103,,239.81,612.990987,"147,001",0,0.99,20.10%,0.46,0.60%,1.39,74.94%,3.22,85.93%,6.0553,26.75%,17.8,0.6959,3.3,0.1611,21.2,0.5807,147001,"34,310",0.1041,4.7,0.0267,0.9803,0.2248,0.5498,0.6323,0.8309,,,0,0.7889,0.1394,0.4858,0.0083,1.2748,0.6625,3.3161,0.8812,5.8656,0.2388,17.7,0.5979,3.6,0.0805,18.2,0.5546,136802,31131,0.0904,5.2,0.0201,0.9825,0.249,0.5587,0.6753,0.8507,,,,,,,,,,,,,,,,,,,,,,,,,,,,,,,0.1,0.091,0.433,1.448,0.022,1.448,2.86,17.596,0.90%,0.294
amz,Polk,IOWA,PolkIOWA,,19153,,828.84,572.2130671,"474,274",0,0.88,16.11%,1.74,29.07%,1.43,76.66%,2.71,61.57%,6.7614,37.68%,11.1,0.2551,4.3,0.2924,21.9,0.5899,474274,"34,474",0.1,8.5,0.2305,0.9691,0.079,0.6622,0.5294,0.4728,,,0,0.7265,0.1168,1.7278,0.2837,1.4187,0.7555,2.6937,0.5874,6.5667,0.3445,12.5,0.2658,6,0.2378,20.2,0.5804,445136,30863,0.0968,8.1,0.1261,0.9631,0.0805,0.6507,0.4932,0.5062,,,,,,,,,,,,,,,,,,,,,,,,,,,,,,,0.087,0.103,0.365,2.651,0.027,2.651,2.86,16.263,2.10%,0.039
amz,Winnebago,IOWA,WinnebagoIOWA,,19189,,26.4,400.4889126,"10,571",0,1.09,23.12%,2.01,49.32%,0.75,36.23%,1.77,17.51%,5.6196,20.61%,8.4,0.0997,4.6,0.3487,8.2,0.2843,10571,"27,117",0.4357,8.2,0.2095,0.5333,0.0188,0.1888,0.1859,0.8408,,,0,0.772,0.1315,1.5575,0.1866,0.7631,0.3566,1.9535,0.228,5.0462,0.1321,10.2,0.1388,5.6,0.2025,6.4,0.2502,10645,25387,0.3397,7.4,0.0911,0.766,0.0414,0.0567,0.2798,0.8096,,,,,,,,,,,,,,,,,,,,,,,,,,,,,,,0.005,0.005,0.647,2.729,0.03,2.729,2.86,13.686,8.50%,0.095
amz,Kent,MICHIGAN,KentMICHIGAN,,26081,,758.38,848.0487429,"643,140",0,1.27,28.12%,1.77,31.10%,1.48,79.88%,2.78,65.01%,7.3003,47.61%,12.6,0.3497,4.8,0.3838,26,0.6457,643140,"31,005",0.2108,9.7,0.3209,0.9233,0.1643,0.5801,0.7001,0.4126,,,0,1.595,0.377,1.8147,0.3403,1.4655,0.7835,2.7103,0.5976,7.5855,0.5123,15.5,0.4585,8.9,0.5645,24.6,0.6437,615381,26436,0.2697,10.7,0.3025,0.9271,0.1614,0.447,0.7412,0.4336,,,,,,,,,,,,,,,,,,,,,,,,,,,,,,,0.081,0.097,0.328,2.563,0.028,2.563,0,19.814,1.60%,-0.047
amz,Scott,MINNESOTA,ScottMINNESOTA,,27139,,402.45,356.2500393,"143,372",0,0.27,1.40%,1.28,8.85%,1.31,69.56%,1.94,23.21%,4.798,11.08%,5.8,0.0261,3.3,0.1611,18.2,0.5355,143372,"39,952",0.0395,5.2,0.0417,0.8351,0.0484,0.7065,0.1328,0.2184,,,0,0.2604,0.0105,1.2213,0.0729,1.2993,0.6759,1.3973,0.0646,4.1783,0.0513,5.7,0.0118,5.4,0.1853,16.3,0.5237,135129,35690,0.0388,5.4,0.0245,0.7854,0.0497,0.327,0.12,0.1152,,,,,,,,,,,,,,,,,,,,,,,,,,,,,,,0.073,0.068,0.254,2.629,0.019,2.629,2.5,20.809,0.00%,0
amz,Washoe,NEVADA,WashoeNEVADA,,32031,,71.49,6301.415448,"450,486",0,1.44,33.47%,1.48,15.98%,1.65,87.87%,3.02,77.20%,7.5964,52.71%,12.2,0.3245,5.6,0.5172,36.6,0.7657,450486,"33,546",0.1274,11.7,0.4712,0.9408,0.2611,0.9042,0.6565,0.2582,,,0,1.8472,0.4667,1.5186,0.1659,1.6597,0.8793,3.2506,0.8606,8.276,0.6374,15.7,0.4728,10.6,0.7396,34.9,0.7635,429985,28621,0.1595,13.2,0.4753,0.9379,0.2763,0.8959,0.7794,0.361,,,,,,,,,,,,,,,,,,,,,,,,,,,,,,,0.12,0.136,0.352,2.31,0.021,2.31,0,20.115,1.50%,-0.028
amz,Bergen,NEW JERSEY,BergenNEW JERSEY,,34003,,3995.1,232.7851333,"929,999",0,0.57,7.52%,0.89,3.15%,1.77,92.87%,2.63,56.16%,5.8557,23.95%,7,0.0497,4.5,0.3299,42.7,0.8252,929999,"48,426",0.0102,7.8,0.1831,0.9647,0.0099,0.6313,0.8026,0.2184,,,0,0.5877,0.085,0.9943,0.0404,1.7545,0.922,2.6145,0.5409,5.951,0.2512,7.5,0.0446,7.3,0.3776,39.7,0.8109,920456,43194,0.0099,8.5,0.1557,0.9726,0.0105,0.6008,0.8032,0.2273,,,,,,,,,,,,,,,,,,,,,,,,,,,,,,,0.076,0.101,0.251,2.652,0.03,2.652,7.22,0,0.20%,-0.114
amz,Burlington,NEW JERSEY,BurlingtonNEW JERSEY,,34005,,558.43,799.3257161,"446,367",0,0.8,13.79%,1.21,7.20%,1.45,77.78%,2.16,31.93%,5.6161,20.54%,6.5,0.0382,6.3,0.6376,32.1,0.7131,446367,"41,517",0.0312,6.4,0.0898,0.8494,0.0484,0.3359,0.3012,0.625,,,0,0.6909,0.1102,1.2359,0.0758,1.4435,0.7698,2.0589,0.2738,5.4292,0.1792,5.8,0.0131,8.8,0.5521,30.5,0.7112,450155,37511,0.0258,7.6,0.1,0.8564,0.0449,0.2445,0.2798,0.6332,,,,,,,,,,,,,,,,,,,,,,,,,,,,,,,0.07,0.083,0.257,2.519,0.03,2.519,7.22,0,0.20%,-0.249
amz,Gloucester,NEW JERSEY,GloucesterNEW JERSEY,,34015,,903.35,321.9722099,"290,852",0,0.89,16.46%,1.25,7.93%,1.21,63.45%,1.93,22.86%,5.2789,16.75%,7.4,0.0611,6.3,0.6376,21.2,0.5807,290852,"37,888",0.0592,7.1,0.1283,0.8109,0.0866,0.155,0.5294,0.3457,,,0,0.95,0.1878,1.4212,0.127,1.2318,0.6422,2.0723,0.2802,5.6753,0.2082,8,0.0586,9.9,0.6734,20,0.5772,289705,33609,0.057,8.6,0.1611,0.8287,0.0805,0.226,0.5298,0.4072,,,,,,,,,,,,,,,,,,,,,,,,,,,,,,,0.048,0.053,0.274,2.447,0.027,2.447,7.22,0,0.80%,0.012
amz,Erie,NEW YORK,ErieNEW YORK,,36029,,882.18,1042.723739,"919,866",0,1.26,28.06%,1.6,21.49%,1.36,72.30%,2.75,63.55%,6.9652,41.40%,14.5,0.4799,4.8,0.3838,24.2,0.6246,919866,"32,347",0.1627,8.6,0.2362,0.8313,0.0544,0.2203,0.972,0.6686,,,0,1.2547,0.276,1.7689,0.3114,1.3241,0.6918,2.6482,0.5622,6.9959,0.4094,14.7,0.4069,7.9,0.4457,23,0.6237,920694,28512,0.1624,9.8,0.2397,0.8255,0.0449,0.1277,0.9717,0.6784,,,,,,,,,,,,,,,,,,,,,,,,,,,,,,,0.104,0.104,0.311,2.91,0.039,2.91,0,15.989,1.80%,0.057
amz,Nassau,NEW YORK,NassauNEW YORK,,36059,,4766.73,284.5900653,"1,356,564",0,0.58,7.64%,0.97,3.92%,1.72,91.05%,2.61,55.46%,5.8745,24.30%,5.7,0.0245,4.3,0.2924,39.2,0.7943,1356564,"49,211",0.0092,8.8,0.2499,0.8876,0.0067,0.6864,0.6829,0.3457,,,0,0.6186,0.0926,1.0815,0.0487,1.7061,0.9039,2.6953,0.5887,6.1016,0.269,6.3,0.0207,7.1,0.355,36.3,0.781,1350601,42949,0.0102,9.7,0.2327,0.8848,0.0067,0.6756,0.7596,0.3687,,,,,,,,,,,,,,,,,,,,,,,,,,,,,,,0.061,0.076,0.217,3.962,0.044,3.962,0,15.513,1.10%,-0.071
amz,Cabarrus,NORTH CAROLINA,CabarrusNORTH CAROLINA,,37025,,557.66,361.2378374,"201,448",0,1.39,31.91%,1.83,35.78%,1.51,81.03%,2.25,36.33%,6.985,41.75%,10.9,0.2427,6,0.5854,33.2,0.7259,201448,"31,050",0.2099,10,0.3477,0.7348,0.2983,0.8711,0.2563,0.0936,,,0,1.85,0.467,1.8469,0.3642,1.5072,0.8087,2.2929,0.3792,7.497,0.4979,13.1,0.3063,11.1,0.7813,29.7,0.7026,184855,25544,0.3292,12.6,0.4333,0.7886,0.3604,0.724,0.3273,0.0926,,,,,,,,,,,,,,,,,,,,,,,,,,,,,,,0.056,0.057,0.245,2.034,0.015,2.034,1,16.674,1.50%,-0.048
amz,Durham,NORTH CAROLINA,DurhamNORTH CAROLINA,,37063,,1069.84,286.4520568,"306,457",0,1.61,38.73%,1.33,10.22%,1.85,95.77%,3.34,90.19%,8.1208,61.97%,16,0.5831,5.2,0.449,57.8,0.9172,306457,"34,063",0.1105,11.6,0.4629,0.9752,0.0544,0.7249,0.7867,0.7972,,,0,1.6476,0.3976,1.391,0.1152,1.8571,0.9592,3.3798,0.9004,8.2754,0.6371,18.1,0.624,8.1,0.4706,57.9,0.9265,282422,29801,0.1197,12.6,0.4333,0.9799,0.0497,0.71,0.8386,0.8017,,,,,,,,,,,,,,,,,,,,,,,,,,,,,,,0.118,0.121,0.289,2.366,0.026,2.366,1,14.549,1.30%,0.259
amz,Wake,NORTH CAROLINA,WakeNORTH CAROLINA,,37183,,1253.63,834.8216065,"1,046,558",0,0.66,10.19%,1.42,13.59%,1.61,85.96%,2.41,43.84%,6.1031,27.74%,9.8,0.1742,4.3,0.2924,39.7,0.7982,1046558,"39,102",0.0497,7.3,0.1442,0.9624,0.1324,0.5801,0.2114,0.5244,,,0,0.765,0.1286,1.5482,0.1815,1.6329,0.8707,2.623,0.5454,6.5692,0.3451,11.3,0.1948,7.4,0.3881,38.6,0.8001,952513,33727,0.056,8.1,0.1261,0.9573,0.1461,0.6839,0.2652,0.5705,,,,,,,,,,,,,,,,,,,,,,,,,,,,,,,0.1,0.113,0.234,4.727,0.023,4.727,1,16.275,1.10%,0.16
amz,Butler,OHIO,ButlerOHIO,,39017,,810.71,466.6203539,"378,294",0,1.35,30.76%,1.72,27.76%,1.17,61.16%,2.43,45.05%,6.6712,36.18%,13,0.3771,5.1,0.4303,18.5,0.5422,378294,"30,777",0.2213,9.7,0.3209,0.8653,0.1022,0.3359,0.4435,0.6819,,,0,1.3298,0.2996,1.7472,0.2989,1.1777,0.6014,2.4664,0.462,6.7211,0.3658,13.8,0.3531,8.2,0.482,16.7,0.531,371154,27394,0.2162,10.4,0.2786,0.8625,0.1035,0.376,0.4451,0.6794,,,,,,,,,,,,,,,,,,,,,,,,,,,,,,,0.116,0.129,0.296,1.973,0.02,1.973,2.66,19.482,1.20%,0.269
amz,Tulsa,OKLAHOMA,TulsaOKLAHOMA,,40143,,1127.05,570.3201438,"642,781",0,1.65,40.10%,2.14,60.33%,1.64,87.46%,2.68,59.63%,8.1063,61.59%,15.1,0.5229,5.5,0.5006,37.5,0.7752,642781,"30,894",0.2159,10.8,0.4088,0.9497,0.0926,0.7249,0.6565,0.2582,,,0,1.3658,0.3117,2.1566,0.6145,1.6132,0.8618,2.6711,0.5762,7.8067,0.5578,15.8,0.4776,7,0.3454,35.6,0.772,616128,27995,0.1875,11.4,0.3553,0.9472,0.0939,0.723,0.6017,0.3053,,,,,,,,,,,,,,,,,,,,,,,,,,,,,,,0.109,0.13,0.326,2.28,0.019,2.28,0,17.706,1.10%,-0.031
amz,Lehigh,PENNSYLVANIA,LehighPENNSYLVANIA,,42077,,1050.43,345.2029317,"362,613",0,1.63,39.52%,2.03,50.68%,1.63,86.88%,2.92,72.21%,8.2048,63.50%,12.5,0.343,6.5,0.6697,34.5,0.7393,362613,"32,252",0.1653,11.4,0.4473,0.8774,0.079,0.518,0.8529,0.5944,,,0,1.639,0.3945,1.9959,0.4776,1.5912,0.85,2.9303,0.7214,8.1563,0.6215,13.4,0.3235,9.9,0.6734,30.5,0.7109,354537,28139,0.1792,13,0.4629,0.879,0.0805,0.4565,0.9029,0.6113,,,,,,,,,,,,,,,,,,,,,,,,,,,,,,,0.089,0.104,0.333,2.359,0.024,2.359,0,20.221,2.60%,0.021
amz,Philadelphia,PENNSYLVANIA,PhiladelphiaPENNSYLVANIA,,42101,,11737.24,134.2327503,"1,575,522",2,3.04,81.53%,2.07,55.49%,1.89,96.75%,3.31,89.49%,10.3159,92.04%,24.9,0.9169,10.2,0.9411,65.4,0.9503,1575522,"26,557",0.4774,16.1,0.7071,0.9449,0.0067,0.6864,0.9949,0.6819,,,2,3.1646,0.8475,2.0283,0.5084,1.8746,0.9631,3.3158,0.8806,10.3833,0.914,26.7,0.9239,14.9,0.9462,63.8,0.9522,1546920,22542,0.5712,18.6,0.7233,0.9436,0.0067,0.6705,0.9955,0.6995,,,,,,,,,,,,,,,,,,,,,,,,,,,,,,,0.072,0.068,0.172,3.957,0.043,3.957,0,19.646,1.60%,0.24
amz,Berkeley,SOUTH CAROLINA,BerkeleySOUTH CAROLINA,,45015,,189.44,1103.606562,"209,065",0,1.56,37.04%,1.97,45.91%,1.46,79.02%,2.54,51.07%,7.5307,51.46%,12.2,0.3245,5.2,0.449,36.2,0.7596,209065,"28,331",0.3545,11.2,0.433,0.7851,0.7287,0.3703,0.242,0.4126,,,0,2.0127,0.5126,1.8835,0.3897,1.4881,0.7985,2.6686,0.5734,8.0528,0.603,14.5,0.3929,11.2,0.7905,36,0.7765,188835,24474,0.4043,12.5,0.425,0.7915,0.7501,0.4317,0.2362,0.4591,,,,,,,,,,,,,,,,,,,,,,,,,,,,,,,0.038,0.031,0.244,1.301,0.013,1.301,0,18.022,0.00%,0
amz,Brule,SOUTH DAKOTA,BruleSOUTH DAKOTA,,46015,,6.43,817.2404736,"5,256",0,1.62,39.46%,2.61,89.18%,0.48,22.48%,3.14,82.52%,7.8615,57.13%,17.8,0.6959,2,0.0487,15.5,0.4849,5256,"28,292",0.357,12.5,0.5224,0.8157,0.5762,0.1888,0.7224,0.837,,,0,1.7797,0.4403,2.596,0.8774,0.8777,0.4231,2.9172,0.7157,8.1706,0.6237,16,0.4925,3.8,0.0904,13.6,0.4661,5311,22083,0.6081,15.4,0.5887,0.6275,0.4798,0.703,0.2652,0.8418,,,,,,,,,,,,,,,,,,,,,,,,,,,,,,,0.007,0.01,0.59,1.734,0.026,1.734,0,13.681,0.00%,0
amz,Chesapeake,VIRGINIA,ChesapeakeVIRGINIA,,51550,,702.55,338.5102447,"237,820",0,0.86,15.67%,1.77,31.20%,1.37,73.03%,2,25.44%,6.0033,25.92%,9,0.1303,5.1,0.4303,42.1,0.8204,237820,"33,844",0.1169,7.8,0.1831,0.8157,0.0866,0.2964,0.1971,0.6059,,,0,0.815,0.1465,1.7332,0.2865,1.2932,0.6724,2.2394,0.3518,6.0809,0.2652,9.1,0.0914,7.6,0.4139,40.5,0.8179,228168,29735,0.1219,9,0.1878,0.8007,0.0844,0.4979,0.2203,0.6361,,,,,,,,,,,,,,,,,,,,,,,,,,,,,,,0.084,0.072,0.211,2.766,0.031,2.766,0,0,0.00%,0.168
amz,Snohomish,WASHINGTON,SnohomishWASHINGTON,,53061,,377,2086.517823,"786,620",0,0.68,10.45%,1.25,7.99%,1.56,83.67%,2.61,55.27%,6.0947,27.55%,8.1,0.0838,4.6,0.3487,29.7,0.6899,786620,"37,671",0.0608,7.8,0.1831,0.9468,0.2194,0.7803,0.3572,0.3018,,,0,0.9338,0.1847,1.369,0.1098,1.5384,0.8243,2.5409,0.5011,6.382,0.3139,10.3,0.1429,8.7,0.5409,26.9,0.673,735351,31782,0.0825,8.7,0.1675,0.9417,0.249,0.7323,0.3273,0.2907,,,,,,,,,,,,,,,,,,,,,,,,,,,,,,,0.069,0.072,0.219,3.052,0.017,3.052,0,21.375,0.80%,-0.07
amz,Kenosha,WISCONSIN,KenoshaWISCONSIN,,55059,,619.18,271.8585468,"168,330",0,1.68,40.89%,1.81,33.46%,1.31,69.69%,2.71,61.35%,7.5066,51.11%,13.6,0.4169,6.8,0.7092,23.9,0.6208,168330,"30,740",0.2226,9.8,0.3308,0.9029,0.1442,0.4056,0.6323,0.625,,,0,1.7202,0.4209,1.9949,0.4769,1.3359,0.6998,2.7023,0.5922,7.7533,0.5476,15.3,0.4454,10.6,0.7396,22.7,0.6189,167268,26560,0.263,10.3,0.2722,0.8949,0.1226,0.469,0.5715,0.6444,,,,,,,,,,,,,,,,,,,,,,,,,,,,,,,0.047,0.048,0.342,2.554,0.028,2.554,0.25,17.974,2.00%,-0.008
amz,Polk,WISCONSIN,PolkWISCONSIN,,55095,,47.42,914.0656617,"43,349",0,0.81,14.30%,1.88,39.26%,0.34,14.14%,1.55,10.76%,4.5772,8.73%,9.8,0.1742,4.1,0.2611,4.9,0.1162,43349,"29,489",0.2796,6.5,0.0942,0.545,0.4158,0.2203,0.1458,0.2184,,,0,1.0907,0.2318,1.9035,0.4075,0.5174,0.22,1.703,0.1426,5.2146,0.1528,11.3,0.1948,8.2,0.482,4.3,0.128,43698,26356,0.2738,8.3,0.1401,0.6008,0.3992,0.3203,0.1808,0.2018,,,,,,,,,,,,,,,,,,,,,,,,,,,,,,,0.02,0.019,0.341,2.73,0.024,2.73,0.25,16.521,0.00%,0
amz,Jefferson,ALABAMA,JeffersonALABAMA,,01073,,593.76,1111.381173,"659,892",0,2.02,51.85%,2.11,58.33%,1.51,80.99%,2.72,62.11%,8.362,66.21%,17,0.6494,7.3,0.7726,49.9,0.8787,659892,"30,657",0.2268,10.3,0.3709,0.9351,0.1152,0.3359,0.7584,0.5769,,,0,1.9908,0.5056,2.0229,0.5014,1.5762,0.8437,2.7555,0.6224,8.3454,0.6533,18.7,0.6619,9.9,0.6734,48.8,0.8816,658834,26896,0.2445,12.3,0.411,0.9389,0.1369,0.3305,0.7717,0.5775,,,,,,,,,,,,,,,,,,,,,,,,,,,,,,,0.123,0.13,0.221,2.094,0.024,2.094,0,16.737,1.50%,-0.03
amz,Anchorage,ALASKA,AnchorageALASKA,,02020,,173.53,1706.40205,"296,112",0,0.78,13.25%,1.68,25.57%,1.62,86.34%,3.12,81.76%,7.1959,46.02%,9.2,0.1392,5.6,0.5172,41.5,0.8144,296112,"39,839",0.0411,6.2,0.0799,0.9058,0.205,0.9042,0.5142,0.5944,,,0,0.5272,0.0643,1.7405,0.2939,1.5944,0.8516,3.1636,0.829,7.0258,0.4129,8.3,0.0643,6.9,0.3343,38.9,0.8026,298178,36508,0.0331,7.5,0.0955,0.9223,0.1859,0.8978,0.5129,0.6447,,,,,,,,,,,,,,,,,,,,,,,,,,,,,,,0.105,0.114,0.364,3.859,0.018,3.859,0,20.423,1.20%,-0.129
amz,Apache,ARIZONA,ApacheARIZONA,,04001,,6.39,11197.46794,"71,522",3,3.81,97.93%,2.41,80.07%,1.92,97.61%,3.37,91.18%,11.5087,98.85%,35.3,0.9882,12,0.9694,81.7,0.985,71522,"14,499",0.9924,20.4,0.8612,0.1035,0.8443,0.9949,0.9573,0.4728,,,3,3.873,0.9917,2.5049,0.8402,1.8981,0.972,3.4008,0.907,11.6769,0.9911,35.9,0.9876,20.1,0.9927,80.4,0.9844,72142,12828,0.9936,24.2,0.8991,0.1433,0.8262,0.9968,0.9277,0.5068,,,,,,,,,,,,,,,,,,,,,,,,,,,,,,,0.05,0.039,0.446,2.351,0.03,2.351,1.66,16.629,1.40%,-0.244
amz,Pulaski,ARKANSAS,PulaskiARKANSAS,,05119,,518.46,758.9141761,"393,463",0,1.61,38.89%,2.24,68.80%,1.58,84.81%,2.74,63.10%,8.1693,62.87%,17,0.6494,5.2,0.449,47.3,0.865,393463,"31,359",0.1994,9.6,0.3114,0.9363,0.2194,0.4817,0.7224,0.3792,,,0,1.4826,0.348,1.9233,0.4218,1.5654,0.8383,2.6488,0.5626,7.6202,0.5209,16.9,0.5498,8,0.4562,45.4,0.8621,388752,27506,0.2111,10.2,0.2655,0.9507,0.2607,0.3776,0.6753,0.3846,,,,,,,,,,,,,,,,,,,,,,,,,,,,,,,0.094,0.106,0.308,1.919,0.02,1.919,1,16.584,1.90%,-0.215
amz,Contra Costa,CALIFORNIA,Contra CostaCALIFORNIA,,06013,,1580.36,717.0813939,"1,133,247",0,1.15,24.78%,1.44,14.10%,1.85,95.64%,2.48,47.95%,6.9154,40.57%,9.1,0.1341,6.1,0.6032,55.6,0.9064,1133247,"45,524",0.0146,10.6,0.3935,0.9191,0.0646,0.9156,0.4677,0.1165,,,0,1.1777,0.2544,1.4339,0.1318,1.8453,0.9522,2.5142,0.4846,6.971,0.4075,10.7,0.1636,9.8,0.6635,53.4,0.9054,1081232,38770,0.0185,11.1,0.3321,0.9207,0.0535,0.9074,0.4932,0.1394,,,,,,,,,,,,,,,,,,,,,,,,,,,,,,,0.126,0.158,0.208,3.2,0.019,3.2,6.3,23.54,0.80%,-0.065
amz,Kern,CALIFORNIA,KernCALIFORNIA,,06029,,108.59,8132.256436,"883,053",2,3.52,93.57%,2.07,55.52%,1.93,97.99%,3.42,92.45%,10.9458,96.59%,22,0.8503,10.3,0.9436,65.2,0.9497,883053,"22,553",0.7646,26.2,0.9628,0.7138,0.3477,0.9854,0.6565,0.7195,,,1,3.4362,0.9144,2.135,0.5963,1.9252,0.9799,3.4381,0.9179,10.9344,0.9586,23.4,0.8561,13.2,0.8988,62.8,0.9478,857730,20467,0.7361,27,0.9452,0.6995,0.3343,0.9834,0.6753,0.7456,,,,,,,,,,,,,,,,,,,,,,,,,,,,,,,0.099,0.116,0.362,3.644,0.028,3.644,6.3,23.551,0.80%,-0.06
amz,Solano,CALIFORNIA,SolanoCALIFORNIA,,06095,,533.65,821.7515515,"438,530",0,1.56,36.97%,1.71,27.16%,1.85,95.80%,2.85,69.05%,7.9754,59.11%,10.4,0.2115,7,0.7347,61.5,0.937,438530,"33,700",0.1213,12,0.4925,0.8481,0.1105,0.9296,0.389,0.5769,,,0,1.7163,0.4183,1.765,0.3079,1.8523,0.9561,3.0248,0.7635,8.3585,0.6546,13.1,0.3063,12.1,0.8437,59.9,0.9357,421624,29132,0.1414,12.5,0.425,0.859,0.1098,0.9128,0.4588,0.6845,,,,,,,,,,,,,,,,,,,,,,,,,,,,,,,0.078,0.081,0.275,3.079,0.019,3.079,6.3,23.297,0.50%,-0.029
amz,Stanislaus,CALIFORNIA,StanislausCALIFORNIA,,06099,,360.49,1496.015066,"539,301",1,3.02,80.89%,2.19,64.28%,1.89,97.01%,2.69,60.43%,9.7838,86.75%,16.1,0.5889,10.5,0.9487,57.4,0.9156,539301,"25,101",0.5825,21.7,0.8949,0.7851,0.1917,0.9602,0.6043,0.1525,,,1,3.2092,0.8596,2.2623,0.6915,1.8828,0.9672,2.7784,0.6371,10.1328,0.8908,20.3,0.7472,16.3,0.9666,54.6,0.9121,522794,21729,0.6345,22.8,0.8609,0.8013,0.1815,0.9643,0.6434,0.1878,,,,,,,,,,,,,,,,,,,,,,,,,,,,,,,0.051,0.058,0.351,3.963,0.019,3.963,6.3,23.826,0.70%,-0.032
amz,Ventura,CALIFORNIA,VenturaCALIFORNIA,,06111,,460.31,1842.466511,"848,112",0,1.48,34.39%,1.37,11.62%,1.87,96.28%,2.6,55.08%,7.3256,48.28%,9.6,0.1634,5.9,0.5669,54.2,0.8981,848112,"36,891",0.0672,15.6,0.6855,0.893,0.1643,0.9592,0.242,0.3457,,,0,1.5215,0.3578,1.5721,0.1939,1.8701,0.9621,2.6234,0.546,7.5871,0.5126,11.1,0.1818,9.4,0.6199,52.5,0.8978,835790,33308,0.0627,17,0.6571,0.8905,0.1614,0.9624,0.2798,0.3292,,,,,,,,,,,,,,,,,,,,,,,,,,,,,,,0.091,0.109,0.302,2.674,0.019,2.674,6.3,24.446,0.90%,-0.039
amz,Yolo,CALIFORNIA,YoloCALIFORNIA,,06113,,211.86,1014.731949,"214,977",0,2.17,56.56%,0.87,3.02%,1.83,94.97%,3.54,95.19%,8.4239,67.68%,19.6,0.7723,6.5,0.6697,52.9,0.8924,214977,"32,598",0.15,13.6,0.5829,0.9478,0.171,0.9382,0.7447,0.7431,,,0,2.1242,0.5511,0.9936,0.0401,1.8465,0.9526,3.546,0.9411,8.5103,0.6813,20,0.7332,9.6,0.6402,51.2,0.893,204162,28080,0.1824,15,0.5683,0.9456,0.1614,0.9325,0.7517,0.7549,,,,,,,,,,,,,,,,,,,,,,,,,,,,,,,0.075,0.079,0.428,2.526,0.022,2.526,6.3,21.777,1.20%,0.41
amz,Arapahoe,COLORADO,ArapahoeCOLORADO,,08005,,797.9,797.9309172,"636,671",0,0.66,10.22%,1.44,14.33%,1.69,89.46%,2.25,36.13%,6.0441,26.62%,9,0.1303,4.4,0.3121,39.3,0.7953,636671,"38,972",0.0506,7.6,0.1681,0.9854,0.0357,0.7434,0.3715,0.1165,,,0,0.8828,0.1659,1.6297,0.2245,1.6845,0.8911,2.2986,0.3817,6.4957,0.3317,11.7,0.22,8.1,0.4706,37.4,0.7918,596684,33574,0.0579,8.2,0.1344,0.9879,0.0328,0.7806,0.4238,0.0735,,,,,,,,,,,,,,,,,,,,,,,,,,,,,,,0.133,0.153,0.21,2.742,0.03,2.742,0,19.307,0.80%,-0.049
amz,Broomfield,COLORADO,BroomfieldCOLORADO,,08014,,2003.42,33.0035341,"66,120",0,0.23,0.80%,0.89,3.22%,1.31,69.63%,1.67,14.58%,4.1012,4.90%,5,0.0127,3.6,0.1946,22.9,0.6049,66120,"47,016",0.0127,3.2,0.0051,0.9863,0.1044,0.4457,0.1022,0.0341,,,0,0.2974,0.0153,1.1012,0.0522,1.377,0.7272,1.7237,0.1503,4.4992,0.0777,6.3,0.0207,6,0.2378,21.3,0.5982,59027,38706,0.0188,5.2,0.0201,0.9764,0.1098,0.4212,0.1808,0.0353,,,,,,,,,,,,,,,,,,,,,,,,,,,,,,,#N/A,#N/A,#N/A,#N/A,#N/A,#N/A,#N/A,#N/A,#N/A,#N/A
amz,Larimer,COLORADO,LarimerCOLORADO,,08069,,130.27,2595.766922,"338,161",0,0.83,14.87%,0.67,1.59%,1.15,59.82%,2.24,35.50%,4.8854,11.94%,12,0.3127,5,0.4166,17.2,0.5199,338161,"35,390",0.0831,4.2,0.0169,0.9102,0.1643,0.2964,0.2248,0.6428,,,0,0.8532,0.1585,0.7628,0.0201,1.1302,0.5712,2.3496,0.4107,5.0958,0.1388,13.7,0.3451,7.5,0.4008,16.2,0.5228,311435,31082,0.0917,4.9,0.0156,0.893,0.1722,0.3719,0.2499,0.6625,,,,,,,,,,,,,,,,,,,,,,,,,,,,,,,0.076,0.07,0.387,3.89,0.028,3.89,0,20.002,0.40%,0.234
amz,New Haven,CONNECTICUT,New HavenCONNECTICUT,,09009,,1421.53,604.5154099,"859,339",0,1.45,33.57%,1.4,12.86%,1.63,86.76%,3.09,80.10%,7.5676,52.23%,11.9,0.3061,7,0.7347,36.4,0.7619,859339,"36,678",0.0682,9.9,0.3384,0.9395,0.0188,0.4817,0.9475,0.7014,,,0,1.3973,0.3196,1.5272,0.1706,1.6141,0.8621,3.1372,0.8131,7.6759,0.5326,12.7,0.2767,10.4,0.7189,34,0.7507,863148,32794,0.0697,11.1,0.3321,0.9392,0.021,0.531,0.937,0.709,,,,,,,,,,,,,,,,,,,,,,,,,,,,,,,0.104,0.103,0.316,2.453,0.026,2.453,0,15.495,0.60%,0.102
amz,Alachua,FLORIDA,AlachuaFLORIDA,,12001,,300.73,875.0325974,"263,148",0,2,51.05%,0.55,1.15%,1.42,76.15%,3.31,89.37%,7.2786,47.29%,21.8,0.8446,6.1,0.6032,38.5,0.788,263148,"27,896",0.3806,7.6,0.1681,0.9777,0.3916,0.4457,0.6425,0.8555,,,1,1.9191,0.4865,0.6323,0.0153,1.398,0.7424,3.5345,0.9379,7.4839,0.4954,25.4,0.9016,8.5,0.5174,37,0.7864,251759,25020,0.3658,8.2,0.1344,0.9745,0.3722,0.5126,0.8112,0.8641,,,,,,,,,,,,,,,,,,,,,,,,,,,,,,,0.131,0.144,0.331,3.058,0.022,3.058,0,18.321,1.80%,0.398
amz,Broward,FLORIDA,BrowardFLORIDA,,12011,,1586.85,1203.103962,"1,909,151",0,1.72,42.32%,1.51,17.16%,1.9,97.20%,2.81,66.38%,7.935,58.44%,13.5,0.4115,6.6,0.6831,62.8,0.9408,1909151,"31,464",0.1955,11.2,0.433,0.9955,0.1105,0.8828,0.7001,0.1165,,,0,1.7692,0.4371,1.6275,0.2229,1.8809,0.9656,2.8004,0.6479,8.078,0.6074,14.6,0.4002,11.3,0.7982,58.6,0.9296,1815269,28329,0.17,12.1,0.4008,0.9962,0.0939,0.8574,0.7412,0.1117,,,,,,,,,,,,,,,,,,,,,,,,,,,,,,,0.099,0.121,0.209,3.214,0.025,3.214,0,21.901,0.70%,0.019
amz,Manatee,FLORIDA,ManateeFLORIDA,,12081,,503.08,743.1328657,"373,853",0,1.49,34.43%,1.76,30.72%,1.53,81.95%,2.78,65.11%,7.5603,51.97%,12.5,0.343,5.9,0.5669,28.5,0.6769,373853,"32,070",0.1691,10.8,0.4088,0.9322,0.6695,0.6049,0.3572,0.2184,,,0,1.6848,0.4097,1.7329,0.2859,1.5489,0.8313,2.9764,0.7431,7.943,0.5817,14.9,0.4202,9.8,0.6635,27.4,0.6781,335840,27948,0.1901,12.3,0.411,0.9331,0.6756,0.6998,0.382,0.2859,,,,,,,,,,,,,,,,,,,,,,,,,,,,,,,0.078,0.097,0.284,2.11,0.019,2.11,0,18.989,0.40%,-0.095
amz,Palm Beach,FLORIDA,Palm BeachFLORIDA,,12099,,735.79,1965.621397,"1,446,277",0,1.57,37.23%,1.66,24.45%,1.79,93.79%,2.77,64.85%,7.7946,55.92%,12.8,0.3643,6.5,0.6697,44.7,0.8459,1446277,"37,998",0.0586,11.8,0.4756,0.9885,0.1105,0.7953,0.5788,0.3018,,,0,1.6339,0.3919,1.7615,0.3066,1.7714,0.93,2.7641,0.6269,7.9309,0.5801,14.6,0.4002,10.8,0.7568,41.6,0.8294,1359074,33072,0.0659,12.3,0.411,0.9898,0.1035,0.758,0.6017,0.311,,,,,,,,,,,,,,,,,,,,,,,,,,,,,,,0.112,0.131,0.252,2.968,0.027,2.968,0,19.383,0.80%,-0.036
amz,Pinellas,FLORIDA,PinellasFLORIDA,,12103,,3499.1,273.7488856,"957,875",0,1.3,29.30%,1.69,26.14%,1.44,77.30%,3.11,81.12%,7.5371,51.69%,13,0.3771,5.7,0.5344,25.7,0.6422,957875,"33,478",0.1283,8.9,0.2607,0.9876,0.4355,0.4457,0.7956,0.4448,,,0,1.4591,0.3394,1.6902,0.2627,1.4435,0.7698,3.0802,0.7841,7.673,0.5323,14.3,0.3824,9.7,0.6546,24.1,0.6358,925030,29617,0.1251,10.6,0.297,0.9892,0.4177,0.3343,0.8523,0.4868,,,,,,,,,,,,,,,,,,,,,,,,,,,,,,,0.065,0.078,0.294,2.118,0.02,2.118,0,19.05,0.50%,0.004
amz,St. Lucie,FLORIDA,St. LucieFLORIDA,,12111,,534.55,571.6841468,"305,591",0,2.32,60.96%,2.15,61.22%,1.7,90.26%,2.51,49.41%,8.6755,71.85%,15,0.5127,6.5,0.6697,42,0.8195,305591,"25,736",0.5404,13.9,0.5979,0.9201,0.4015,0.6622,0.3715,0.1525,,,1,2.5868,0.6883,2.4228,0.7937,1.6845,0.8911,2.5524,0.5097,9.2464,0.7835,18.4,0.6431,13.5,0.9105,39.9,0.8131,283988,23422,0.4944,14.4,0.5387,0.9233,0.3843,0.4954,0.5887,0.1608,,,,,,,,,,,,,,,,,,,,,,,,,,,,,,,0.057,0.044,0.23,2.908,0.029,2.908,0,19.603,0.50%,-0.023
amz,Bibb,GEORGIA,BibbGEORGIA,,13021,,615.44,249.3983297,"153,490",1,3.06,82.10%,2.47,83.16%,1.51,81.31%,3.24,86.50%,10.2825,91.75%,25.7,0.9287,8.8,0.885,61.2,0.9347,153490,"24,409",0.6309,14.3,0.6189,0.8803,0.1203,0.518,0.95,0.7689,,,1,3.1356,0.8399,2.3951,0.7787,1.4518,0.7749,3.1859,0.8379,10.1684,0.8968,26.7,0.9239,12.7,0.8717,58.9,0.9316,155237,21276,0.6686,17.3,0.6714,0.866,0.1165,0.4881,0.943,0.7724,,,,,,,,,,,,,,,,,,,,,,,,,,,,,,,0.127,0.129,0.279,3.068,0.022,3.068,0,17.186,2.60%,-0.08
amz,DeKalb,GEORGIA,DeKalbGEORGIA,,13089,,2775.93,267.7254214,"743,187",0,1.94,48.89%,1.61,22.38%,1.89,96.88%,2.92,72.08%,8.3565,66.11%,16.6,0.6258,7.4,0.779,70.9,0.9688,743187,"34,100",0.1099,11,0.4231,0.9841,0.0188,0.6313,0.8392,0.4448,,,0,2.1172,0.5466,1.5969,0.2092,1.8924,0.9707,3.1127,0.7985,8.7192,0.7167,19.6,0.7128,13,0.8898,70.3,0.9704,707185,28971,0.1474,11.6,0.3671,0.9854,0.021,0.7233,0.8647,0.5183,,,,,,,,,,,,,,,,,,,,,,,,,,,,,,,0.073,0.092,0.149,2.422,0.025,2.422,0,17.265,1.40%,-0.017
amz,Douglas,GEORGIA,DouglasGEORGIA,,13097,,708.86,200.0960654,"141,840",0,2.07,53.31%,2.05,53.45%,1.64,87.30%,1.92,22.67%,7.6778,54.04%,13.1,0.3838,6.9,0.7232,58.1,0.9182,141840,"26,621",0.472,12,0.4925,0.8701,0.171,0.518,0.242,0.1165,,,0,2.2311,0.5823,2.0796,0.5536,1.6673,0.8832,2.0057,0.2521,7.9838,0.5899,16.2,0.5053,11.5,0.8131,53,0.9019,135037,23356,0.5018,12.3,0.411,0.8937,0.2073,0.5772,0.1933,0.1344,,,,,,,,,,,,,,,,,,,,,,,,,,,,,,,0.042,0.041,0.182,2.12,0.023,2.12,0,16.67,0.00%,0
amz,Effingham,GEORGIA,EffinghamGEORGIA,,13103,,122.58,478.7920098,"58,689",0,1.11,23.92%,1.86,37.85%,1.05,53.77%,1.82,19.07%,5.8368,23.63%,8.6,0.1115,4,0.2455,21.3,0.5817,58689,"29,795",0.2646,12,0.4925,0.4317,0.7749,0.4817,0.0726,0.0541,,,0,1.3766,0.3139,1.9074,0.411,0.8316,0.3926,2.1589,0.3177,6.2744,0.2967,10.5,0.1557,7.1,0.355,19.8,0.575,53673,25481,0.3352,14.3,0.5307,0.4091,0.8465,0.7857,0.0844,0.0331,,,,,,,,,,,,,,,,,,,,,,,,,,,,,,,0.02,0.019,0.154,1.581,0.018,1.581,0,17.595,0.00%,0
amz,Ada,IDAHO,AdaIDAHO,,16001,,424,1052.007575,"446,052",0,0.63,9.39%,1.31,9.81%,1.13,58.74%,1.97,24.29%,5.0415,13.73%,11,0.2497,3.8,0.2188,15.1,0.4718,446052,"33,352",0.1312,4.9,0.0334,0.837,0.1751,0.2964,0.1859,0.4728,,,0,0.8746,0.1633,1.4798,0.1496,1.155,0.5871,2.1859,0.3295,5.6953,0.2104,12.8,0.2833,7.3,0.3776,14.1,0.4785,409239,28318,0.1706,6.2,0.043,0.8281,0.1722,0.4629,0.2652,0.4575,,,,,,,,,,,,,,,,,,,,,,,,,,,,,,,0.073,0.076,0.33,1.623,0.017,1.623,0.4,19.653,1.30%,-0.079
amz,Champaign,ILLINOIS,ChampaignILLINOIS,,17019,,210.27,996.1080602,"209,448",0,1.51,35.22%,0.54,1.05%,1.46,79.02%,3.91,99.36%,7.428,49.90%,20.9,0.8178,4.8,0.3838,32.3,0.7157,209448,"29,683",0.2729,4.9,0.0334,0.985,0.171,0.9236,0.9475,0.8848,,,0,1.5244,0.3585,0.5979,0.0131,1.4581,0.7781,3.226,0.8523,6.8064,0.3805,22.7,0.8357,7,0.3454,30.2,0.7074,204214,26087,0.2926,6.4,0.0506,0.9831,0.1515,0.2448,0.9405,0.9061,,,,,,,,,,,,,,,,,,,,,,,,,,,,,,,0.137,0.115,0.475,1.572,0.026,1.572,0,16.182,1.10%,0.376
amz,Grundy,ILLINOIS,GrundyILLINOIS,,17063,,120.81,418.0878256,"50,509",0,0.8,13.92%,1.44,14.23%,0.99,50.37%,1.32,6.02%,4.542,8.44%,8.8,0.121,5.1,0.4303,13.5,0.4358,50509,"33,308",0.1325,6.9,0.1165,0.6654,0.1917,0.2203,0.1859,0.0541,,,0,0.9175,0.1786,1.8185,0.3432,1.0455,0.5215,1.6425,0.1283,5.4241,0.1786,9.3,0.0996,8.9,0.5645,11.9,0.4266,50173,29439,0.1315,8,0.1219,0.6603,0.1859,0.4989,0.2499,0.0474,,,,,,,,,,,,,,,,,,,,,,,,,,,,,,,0.018,0.021,0.329,2.024,0.031,2.024,0,20.92,0.00%,0
amz,Winnebago,ILLINOIS,WinnebagoILLINOIS,,17201,,557.6,513.2200101,"286,174",1,2.33,61.15%,2.27,71.19%,1.48,79.82%,2.61,55.40%,8.6859,72.04%,15.6,0.5538,9.1,0.901,30.4,0.6979,286174,"28,250",0.3589,12.3,0.5113,0.823,0.0608,0.5498,0.8284,0.3457,,,0,2.313,0.61,2.2327,0.6737,1.5056,0.8083,2.5377,0.4998,8.589,0.6931,17.5,0.5868,12.4,0.859,28.4,0.6902,292026,24802,0.3817,13.4,0.4855,0.8322,0.063,0.5323,0.7794,0.3308,,,,,,,,,,,,,,,,,,,,,,,,,,,,,,,0.099,0.098,0.356,1.878,0.02,1.878,0,17.824,1.40%,-0.132
amz,Clark,INDIANA,ClarkINDIANA,,18019,,310.32,372.845562,"115,702",0,1.38,31.75%,1.57,20.22%,1.02,52.02%,2,25.41%,5.976,25.48%,10,0.1854,5.2,0.449,16.5,0.5068,115702,"28,525",0.3398,10.8,0.4088,0.843,0.2346,0.155,0.4225,0.3457,,,0,1.51,0.3543,1.7494,0.3012,1.0557,0.5298,2.1974,0.3337,6.5126,0.3346,11.6,0.2143,8.1,0.4706,15.3,0.504,112212,25057,0.3623,13,0.4629,0.8348,0.2607,0.3566,0.4238,0.3216,,,,,,,,,,,,,,,,,,,,,,,,,,,,,,,0.041,0.042,0.291,2.191,0.018,2.191,0,17.961,2.10%,-0.24
amz,Johnson,INDIANA,JohnsonINDIANA,,18081,,472.98,320.4437676,"151,564",0,0.75,12.32%,1.75,29.42%,0.77,37.73%,1.81,18.91%,5.0733,14.24%,8.7,0.1166,4.2,0.2745,10.3,0.3524,151564,"32,475",0.158,8,0.1971,0.8399,0.1152,0.3703,0.1022,0.3792,,,0,0.8309,0.1522,1.6466,0.2359,0.7367,0.3394,2.1684,0.3219,5.3827,0.1722,10.9,0.1729,7.1,0.355,8.6,0.3365,143789,28500,0.163,8.3,0.1401,0.8663,0.1098,0.553,0.1933,0.446,,,,,,,,,,,,,,,,,,,,,,,,,,,,,,,0.062,0.072,0.269,1.817,0.018,1.817,0,20.464,0.90%,0.143
amz,Lake,INDIANA,LakeINDIANA,,18089,,976,498.8212306,"486,849",0,2.34,61.62%,2.21,66.70%,1.64,87.42%,2.52,50.40%,8.7098,72.52%,16.5,0.6194,8,0.8341,45.7,0.8535,486849,"27,660",0.3971,11.9,0.4852,0.8255,0.0544,0.6049,0.8201,0.2184,,,0,2.3018,0.6043,2.2738,0.7004,1.6552,0.8777,2.574,0.5209,8.8048,0.7342,18.2,0.6313,11.2,0.7905,45.1,0.8602,493140,24294,0.4171,13,0.4629,0.843,0.0449,0.6479,0.8341,0.2041,,,,,,,,,,,,,,,,,,,,,,,,,,,,,,,0.09,0.083,0.26,2.26,0.026,2.26,0,20.553,1.90%,-0.158
amz,St. Joseph,INDIANA,St. JosephINDIANA,,18141,,588.01,457.8855313,"269,240",0,1.91,48.25%,1.98,47.15%,1.33,70.71%,2.91,71.57%,8.132,62.23%,15.7,0.5602,5.3,0.4691,26.9,0.6549,269240,"27,338",0.4182,11.6,0.4629,0.8988,0.0646,0.4056,0.7584,0.7841,,,0,2.0946,0.5384,2.0513,0.5307,1.3566,0.7138,2.7472,0.6192,8.2496,0.6342,17.6,0.5915,10.2,0.6991,25.2,0.6511,266916,24039,0.4368,11.6,0.3671,0.8838,0.0535,0.2929,0.73,0.787,,,,,,,,,,,,,,,,,,,,,,,,,,,,,,,0.095,0.11,0.362,1.966,0.018,1.966,0,18.028,3.00%,0.212
amz,Wyandotte,KANSAS,WyandotteKANSAS,,20209,,1083.79,151.6396192,"164,345",0,3.3,88.28%,2.38,78.41%,1.88,96.59%,2.81,66.86%,10.3706,92.42%,20.1,0.792,7.5,0.7895,58.8,0.9217,164345,"21,298",0.8436,20.9,0.8752,0.886,0.0926,0.8551,0.8841,0.0936,,,0,3.4171,0.9093,2.3814,0.7724,1.8781,0.9647,2.8259,0.6632,10.5024,0.9242,24.3,0.8793,12.4,0.859,57.1,0.9233,159466,18753,0.8564,21.6,0.8223,0.8822,0.0939,0.8752,0.8838,0.0907,,,,,,,,,,,,,,,,,,,,,,,,,,,,,,,0.071,0.071,0.27,3.743,0.032,3.743,0.2,16.935,1.30%,-0.136
amz,Kenton,KENTUCKY,KentonKENTUCKY,,21117,,1027.5,160.2809429,"164,688",0,1.28,28.79%,1.91,41.26%,0.93,47.31%,2.4,43.43%,6.5246,33.79%,12.6,0.3497,4.8,0.3838,11.3,0.3811,164688,"31,811",0.1803,10.3,0.3709,0.8812,0.0926,0.2964,0.7867,0.3457,,,0,1.433,0.3317,2.0895,0.5603,0.9341,0.4521,2.5864,0.5288,7.043,0.4158,14.3,0.3824,8.4,0.5072,10.6,0.391,161915,27788,0.1971,11.3,0.3464,0.9023,0.0993,0.4489,0.7794,0.3566,,,,,,,,,,,,,,,,,,,,,,,,,,,,,,,0.085,0.083,0.271,1.885,0.015,1.885,0.2,18.318,2.00%,-0.009
amz,Taylor,KENTUCKY,TaylorKENTUCKY,,21217,,95.73,266.3682567,"25,500",1,2.91,78.57%,2.81,95.22%,0.43,19.17%,2.54,51.32%,8.6901,72.10%,24.3,0.9061,5.7,0.5344,10.4,0.3553,25500,"20,966",0.8599,14.2,0.6129,0.1958,0.5228,0.2203,0.8201,0.7841,,,0,3.2283,0.8647,2.3416,0.7501,0.4177,0.1678,2.7685,0.6304,8.7561,0.7246,22.9,0.843,11.2,0.7905,9.5,0.362,25059,18430,0.8793,18.4,0.7154,0.1207,0.5221,0.6339,0.7189,0.773,,,,,,,,,,,,,,,,,,,,,,,,,,,,,,,0.008,0.008,0.514,2.098,0.01,2.098,0.2,15.667,4.40%,0.036
amz,East Baton Rouge,LOUISIANA,East Baton RougeLOUISIANA,,22033,,975.3,455.3420176,"444,094",0,1.92,48.41%,1.83,35.37%,1.63,87.27%,2.99,75.93%,8.3736,66.53%,18.3,0.7178,6.5,0.6697,55,0.9023,444094,"31,073",0.2092,9.7,0.3209,0.9634,0.1258,0.6622,0.7001,0.5409,,,0,1.6982,0.4136,1.7857,0.3212,1.5511,0.8319,2.9497,0.7323,7.9847,0.5903,19.3,0.6963,8,0.4562,53.8,0.908,443598,27558,0.2076,11.2,0.3381,0.957,0.1165,0.6641,0.6434,0.5686,,,,,,,,,,,,,,,,,,,,,,,,,,,,,,,0.12,0.115,0.266,1.868,0.025,1.868,4,16.549,2.40%,0.074
amz,Orleans,LOUISIANA,OrleansLOUISIANA,,22071,,2299.77,169.429419,"389,648",1,2.61,69.97%,1.52,17.61%,1.66,87.97%,3.03,77.71%,8.8147,74.49%,24.6,0.9118,8.4,0.8611,69.4,0.9647,389648,"30,177",0.2468,13.8,0.5922,0.9497,0.021,0.3359,0.9908,0.7335,,,1,2.5536,0.6769,1.611,0.2146,1.7205,0.9096,3.347,0.8895,9.2321,0.7813,27.7,0.9386,11.6,0.8176,69.3,0.9682,368471,27255,0.2213,15.2,0.5762,0.9516,0.0293,0.6638,0.9895,0.7128,,,,,,,,,,,,,,,,,,,,,,,,,,,,,,,0.114,0.119,0.232,2.496,0.033,2.496,4,19.242,2.70%,-0.061
amz,Montgomery,MARYLAND,MontgomeryMARYLAND,,24031,,2109.48,493.0753332,"1,040,133",0,0.69,10.83%,1.24,7.64%,1.85,95.54%,2.65,58.04%,6.432,32.55%,6.9,0.0462,4.9,0.3981,55.5,0.9054,1040133,"52,828",0.0061,8.7,0.2413,0.9908,0.0022,0.7953,0.7498,0.1165,,,0,0.4925,0.0544,1.2598,0.0802,1.8411,0.9513,2.5435,0.5033,6.1369,0.277,6.9,0.0325,6.5,0.2884,52.6,0.8994,1005087,48916,0.0041,8.7,0.1675,0.9914,0.0022,0.7313,0.7189,0.0996,,,,,,,,,,,,,,,,,,,,,,,,,,,,,,,0.112,0.141,0.144,2.36,0.027,2.36,1,17.938,0.50%,-0.3
amz,Bristol,MASSACHUSETTS,BristolMASSACHUSETTS,,25005,,1010.49,553.1053703,"558,905",0,1.6,38.31%,1.78,31.77%,1.43,76.82%,2.77,64.66%,7.5826,52.48%,11.5,0.2803,5.8,0.5481,18.1,0.5342,558905,"34,226",0.1064,15.1,0.6616,0.8548,0.0484,0.2964,0.9303,0.6428,,,0,1.7873,0.4444,1.8131,0.3387,1.3913,0.7358,2.8007,0.6482,7.7924,0.5562,12.7,0.2767,10,0.6804,15.2,0.503,551065,29173,0.1391,17.8,0.6912,0.8609,0.0449,0.3082,0.9166,0.6702,,,,,,,,,,,,,,,,,,,,,,,,,,,,,,,0.097,0.101,0.315,1.966,0.018,1.966,0,0,0.40%,0.052
amz,Hampden,MASSACHUSETTS,HampdenMASSACHUSETTS,,25013,,760.33,616.989725,"469,116",0,2.31,60.76%,2.2,65.93%,1.68,89.11%,3.19,84.30%,9.3913,82.32%,17.1,0.6583,6.8,0.7092,36.7,0.767,469116,"29,020",0.3038,14.7,0.6422,0.9058,0.0484,0.5801,0.9733,0.6819,,,0,2.2655,0.5925,2.3553,0.7599,1.6702,0.8844,3.2582,0.8628,9.5492,0.8274,17.7,0.5979,11,0.773,33.9,0.7498,466447,26249,0.283,15.9,0.6116,0.9169,0.0414,0.638,0.9771,0.6848,,,,,,,,,,,,,,,,,,,,,,,,,,,,,,,0.095,0.093,0.333,2.746,0.018,2.746,0,0,1.10%,0.023
amz,Middlesex,MASSACHUSETTS,MiddlesexMASSACHUSETTS,,25017,,1950.49,817.8401031,"1,595,192",0,0.48,5.10%,0.61,1.37%,1.56,83.41%,3.13,81.95%,5.7759,22.64%,7.9,0.078,4.2,0.2745,27.5,0.6616,1595192,"49,669",0.0086,6.9,0.1165,0.9745,0.0137,0.4817,0.9261,0.7335,,,0,0.5154,0.0611,0.6644,0.0159,1.5231,0.8169,3.084,0.7857,5.787,0.2276,8.4,0.0665,6.8,0.3222,24.5,0.6418,1539832,43667,0.0089,7.9,0.1178,0.9717,0.014,0.4384,0.9137,0.7463,,,,,,,,,,,,,,,,,,,,,,,,,,,,,,,0.084,0.104,0.235,2.107,0.023,2.107,0,0,0.50%,0.279
amz,Norfolk,MASSACHUSETTS,NorfolkMASSACHUSETTS,,25021,,1762.82,396.0969232,"698,249",0,0.54,6.56%,0.82,2.52%,1.49,79.94%,2.8,66.03%,5.6364,20.92%,6.5,0.0382,5,0.4166,24.3,0.6262,698249,"52,036",0.007,6.1,0.0755,0.971,0.0099,0.3359,0.8746,0.6059,,,0,0.4922,0.0541,0.9354,0.0347,1.4365,0.766,2.7918,0.6444,5.6558,0.2053,6.5,0.0239,7.6,0.4139,21.1,0.5941,682860,45375,0.0076,6.3,0.0468,0.9736,0.014,0.3031,0.8647,0.6364,,,,,,,,,,,,,,,,,,,,,,,,,,,,,,,0.063,0.085,0.221,2.099,0.021,2.099,0,0,0.60%,0.071
amz,Worcester,MASSACHUSETTS,WorcesterMASSACHUSETTS,,25027,,544.32,1510.648816,"822,280",0,1.1,23.22%,1.3,9.52%,1.46,78.99%,3.07,79.31%,6.9378,40.96%,10.4,0.2115,5.5,0.5006,22.9,0.6049,822280,"36,169",0.0736,9.6,0.3114,0.9,0.0271,0.5498,0.8685,0.7262,,,0,1.1006,0.235,1.4269,0.1293,1.4285,0.7606,2.9223,0.7182,6.8784,0.3916,11.6,0.2143,8.6,0.5288,20.3,0.5852,806804,32072,0.079,10.4,0.2786,0.8972,0.0274,0.4514,0.8386,0.7077,,,,,,,,,,,,,,,,,,,,,,,,,,,,,,,0.087,0.101,0.301,1.736,0.018,1.736,0,0,0.40%,0.1
amz,Dakota,MINNESOTA,DakotaMINNESOTA,,27037,,743.55,562.4380695,"418,201",0,0.31,1.97%,1.58,20.31%,1.33,70.68%,1.68,14.96%,4.8937,12.07%,6.4,0.0363,3.6,0.1946,21,0.5775,418201,"40,441",0.0369,5.1,0.0379,0.9653,0.0866,0.3359,0.242,0.0541,,,0,0.3381,0.0223,1.5298,0.1719,1.3082,0.681,1.7529,0.1589,4.929,0.1178,7.8,0.0513,5.9,0.2286,18.8,0.5626,405521,35755,0.0382,5.2,0.0201,0.9669,0.0844,0.3964,0.2499,0.0554,,,,,,,,,,,,,,,,,,,,,,,,,,,,,,,0.079,0.078,0.276,2.708,0.02,2.708,2.5,17.764,1.10%,-0.069
amz,Jackson,MISSOURI,JacksonMISSOURI,,29095,,1144.72,604.5159747,"692,003",0,1.52,35.80%,1.99,47.88%,1.53,82.01%,2.6,54.79%,7.6438,53.54%,15.2,0.5287,5.1,0.4303,37.7,0.7778,692003,"30,237",0.2433,9.7,0.3209,0.9274,0.0318,0.3703,0.8571,0.4126,,,0,1.7609,0.4349,2.0134,0.4947,1.532,0.8223,2.5954,0.5336,7.9016,0.5743,17.5,0.5868,8.8,0.5521,37,0.7867,678167,26328,0.2757,11.3,0.3464,0.9306,0.0293,0.3658,0.8803,0.3894,,,,,,,,,,,,,,,,,,,,,,,,,,,,,,,0.111,0.118,0.258,2.846,0.035,2.846,0,16.412,1.80%,-0.003
amz,St. Charles,MISSOURI,St. CharlesMISSOURI,,29183,,695.81,560.4791617,"389,985",0,0.29,1.88%,1.26,8.25%,0.77,38.01%,1.59,12.13%,3.9179,3.63%,5.6,0.0226,3.3,0.1611,12.6,0.4155,389985,"37,229",0.064,5.3,0.0468,0.8255,0.1105,0.0981,0.0783,0.4728,,,0,0.3957,0.0325,1.3633,0.107,0.845,0.4008,1.5842,0.1073,4.1882,0.0522,6.1,0.0175,6.2,0.2576,11.5,0.4152,369781,32473,0.0739,6.3,0.0468,0.8373,0.1165,0.1073,0.1334,0.3897,,,,,,,,,,,,,,,,,,,,,,,,,,,,,,,0.061,0.057,0.221,1.664,0.021,1.664,0,16.958,1.10%,-0.1
amz,Douglas,NEBRASKA,DouglasNEBRASKA,,31055,,1700.29,326.4105636,"554,992",0,1.1,23.38%,1.77,30.79%,1.58,84.59%,2.8,66.06%,7.2434,46.69%,12.7,0.3573,4.2,0.2745,30.2,0.6956,554992,"33,734",0.1204,10,0.3477,0.9698,0.0392,0.518,0.7112,0.5619,,,0,1.1394,0.2451,1.823,0.347,1.5629,0.8376,2.9748,0.7421,7.5002,0.4989,14.7,0.4069,6.5,0.2884,28.6,0.6928,531057,29123,0.1417,10.7,0.3025,0.9713,0.0414,0.673,0.7412,0.5479,,,,,,,,,,,,,,,,,,,,,,,,,,,,,,,0.136,0.156,0.344,3.44,0.028,3.44,1.72,16.328,3.00%,0.057
amz,Hillsborough,NEW HAMPSHIRE,HillsboroughNEW HAMPSHIRE,,33011,,468.99,876.5411527,"411,087",0,0.63,9.27%,1.13,5.99%,1.23,64.92%,2.52,49.98%,5.517,19.11%,8.1,0.0838,4.3,0.2924,15.1,0.4718,411087,"39,478",0.0449,8.2,0.2095,0.9497,0.0716,0.4817,0.5142,0.4995,,,0,0.6224,0.0936,1.2604,0.0805,1.2171,0.6307,2.4546,0.4559,5.5546,0.1923,8.6,0.0732,6.7,0.3101,13.2,0.4553,402776,34767,0.0455,9.1,0.1936,0.9459,0.0665,0.4177,0.5129,0.5116,,,,,,,,,,,,,,,,,,,,,,,,,,,,,,,0.101,0.109,0.312,1.788,0.032,1.788,0,17.493,1.10%,-0.02
amz,Merrimack,NEW HAMPSHIRE,MerrimackNEW HAMPSHIRE,,33013,,160.21,932.8762303,"149,452",0,0.45,4.20%,1.23,7.45%,0.86,42.88%,2.58,53.80%,5.1147,14.55%,7.2,0.0567,3.9,0.2334,7.4,0.2518,149452,"36,148",0.0745,6.3,0.0834,0.8653,0.2792,0.2604,0.389,0.7841,,,0,0.5336,0.0669,1.2385,0.0767,0.7571,0.3531,2.6546,0.5651,5.1837,0.1496,9.5,0.1092,6,0.2378,6.3,0.2423,146880,31579,0.0866,7.6,0.1,0.8571,0.2763,0.2859,0.4588,0.7765,,,,,,,,,,,,,,,,,,,,,,,,,,,,,,,0.056,0.063,0.309,1.762,0.034,1.762,0,18.487,1.50%,-0.055
amz,Camden,NEW JERSEY,CamdenNEW JERSEY,,34007,,2292.14,221.3504237,"507,367",0,1.67,40.61%,1.96,45.30%,1.73,91.66%,2.74,63.01%,8.0953,61.18%,12.6,0.3497,7.1,0.7481,42.8,0.8268,507367,"34,280",0.1054,11.6,0.4629,0.9468,0.0271,0.518,0.9443,0.3018,,,0,1.6316,0.3906,2.0102,0.4916,1.7192,0.9093,2.7755,0.6364,8.1366,0.617,13.1,0.3063,11.4,0.8058,40.9,0.8217,512632,30667,0.1012,12.4,0.4183,0.9373,0.0239,0.5581,0.943,0.3133,,,,,,,,,,,,,,,,,,,,,,,,,,,,,,,0.104,0.118,0.243,3.149,0.029,3.149,7.22,0,0.40%,-0.181
amz,Hudson,NEW JERSEY,HudsonNEW JERSEY,,34017,,14475.6,46.1902193,"668,631",0,1.95,49.43%,1.15,6.27%,1.96,99.14%,3.19,84.34%,8.2549,64.24%,16.3,0.6032,6.1,0.6032,71.1,0.9698,668631,"38,147",0.0551,15.8,0.6928,0.9968,0.0067,0.9723,0.9955,0.2184,,,0,2.0417,0.5202,1.1888,0.0684,1.9602,0.9924,3.1442,0.8185,8.3349,0.6517,17.4,0.5829,10.3,0.7077,70.4,0.971,654878,32678,0.0713,17.5,0.6797,0.9965,0.0067,0.9637,0.9952,0.1821,,,,,,,,,,,,,,,,,,,,,,,,,,,,,,,0.056,0.066,0.174,2.42,0.029,2.42,7.22,0,0.30%,-0.079
amz,Union,NEW JERSEY,UnionNEW JERSEY,,34039,,5381.85,102.7650338,"553,066",0,1.44,33.54%,1.72,27.60%,1.91,97.45%,3.07,79.05%,8.1353,62.32%,9.8,0.1742,6.3,0.6376,59.7,0.9274,553066,"40,201",0.0382,13.8,0.5922,0.9497,0.0067,0.9042,0.9475,0.2582,,,0,1.5199,0.3575,1.7313,0.2846,1.8994,0.9723,3.0974,0.7905,8.248,0.6336,11.1,0.1818,10.7,0.7491,56.8,0.9207,545236,35411,0.0392,14.6,0.5498,0.9526,0.0067,0.9599,0.9287,0.2496,,,,,,,,,,,,,,,,,,,,,,,,,,,,,,,0.106,0.135,0.25,2.701,0.03,2.701,7.22,0,0.20%,-0.195
amz,Albany,NEW YORK,AlbanyNEW YORK,,36001,,588.01,522.8287453,"307,426",0,0.91,17.45%,1.04,4.78%,1.41,75.64%,2.94,72.97%,6.2931,30.41%,12,0.3127,4.8,0.3838,27.4,0.6603,307426,"36,454",0.0704,7.3,0.1442,0.9134,0.0544,0.155,0.9755,0.837,,,0,0.83,0.1512,1.0073,0.042,1.3375,0.7011,2.9312,0.7224,6.106,0.2697,13.6,0.34,6.8,0.3222,25.2,0.6507,306124,32624,0.0723,7.5,0.0955,0.9182,0.0414,0.1726,0.9605,0.8386,,,,,,,,,,,,,,,,,,,,,,,,,,,,,,,0.1,0.091,0.329,2.86,0.035,2.86,0,15.789,3.40%,0.227
amz,Bronx,NEW YORK,BronxNEW YORK,,36005,,34194.37,42.0499611,"1,437,872",3,3.76,97.39%,2.33,75.17%,1.99,99.68%,3.65,97.04%,11.7245,99.27%,29.1,0.965,10.5,0.9487,90.7,0.9955,1437872,"20,850",0.8666,28,0.9748,0.9997,0.0022,0.993,0.999,0.6562,,,3,3.7698,0.9784,2.2779,0.7039,1.9876,0.9971,3.6689,0.9666,11.7042,0.9917,30.5,0.9653,15,0.9475,89.5,0.9955,1413566,18269,0.8857,29.8,0.9713,0.9997,0.0022,0.9917,0.999,0.6762,,,,,,,,,,,,,,,,,,,,,,,,,,,,,,,0.082,0.09,0.11,0,0,0,0,19.782,0.70%,0.048
amz,Monroe,NEW YORK,MonroeNEW YORK,,36055,,1133.02,656.8723392,"744,248",0,1.54,36.21%,1.74,28.84%,1.5,80.39%,2.79,65.74%,7.5638,52.04%,14.7,0.4936,5.9,0.5669,29.2,0.6851,744248,"32,502",0.1557,9.7,0.3209,0.8774,0.0271,0.2203,0.9405,0.7262,,,0,1.3212,0.2983,1.6835,0.2585,1.4623,0.7816,2.7746,0.6355,7.2416,0.455,15.4,0.453,8.1,0.4706,28,0.6851,748076,29170,0.1394,10.1,0.2582,0.8777,0.0274,0.2006,0.9405,0.7284,,,,,,,,,,,,,,,,,,,,,,,,,,,,,,,0.122,0.117,0.329,3.344,0.037,3.344,0,16,1.60%,0.1
amz,Onondaga,NEW YORK,OnondagaNEW YORK,,36067,,596.42,778.3863899,"464,242",0,1.51,35.32%,1.7,26.62%,1.34,71.28%,3.02,77.08%,7.564,52.07%,14.6,0.486,6,0.5854,22.9,0.6049,464242,"32,678",0.1471,9.3,0.2913,0.9201,0.0357,0.3359,0.9573,0.7689,,,0,1.2623,0.2795,1.6409,0.2321,1.3251,0.6925,2.9456,0.7284,7.1738,0.4409,15.2,0.4397,7.8,0.4352,21.6,0.6017,467846,29156,0.1407,9.9,0.2467,0.9185,0.0328,0.2789,0.9615,0.7539,,,,,,,,,,,,,,,,,,,,,,,,,,,,,,,0.118,0.103,0.355,3.247,0.037,3.247,0,15.715,2.20%,0.184
amz,Queens,NEW YORK,QueensNEW YORK,,36081,,21130.26,108.7782439,"2,298,513",0,2.03,52.23%,0.93,3.44%,1.97,99.36%,3.2,84.78%,8.124,62.01%,13,0.3771,6.2,0.6207,74.7,0.9755,2298513,"30,289",0.2417,18.5,0.7924,0.9959,0.0022,0.9863,0.9965,0.2184,,,0,2.0955,0.5387,1.0341,0.0439,1.9694,0.9936,3.184,0.8373,8.283,0.6393,15.3,0.4454,9.5,0.6301,73.5,0.978,2280602,26580,0.262,19.6,0.758,0.9949,0.0067,0.9857,0.9965,0.2003,,,,,,,,,,,,,,,,,,,,,,,,,,,,,,,0.047,0.049,0.102,0,0,0,0,20.202,0.60%,-0.065
amz,Rensselaer,NEW YORK,RensselaerNEW YORK,,36083,,244.36,652.4551601,"159,431",0,1.07,22.58%,1.5,16.91%,1.02,51.83%,2.97,74.98%,6.5622,34.30%,12,0.3127,5.1,0.4303,16.4,0.5043,159431,"34,280",0.1054,8.4,0.2232,0.8641,0.1044,0.3703,0.8984,0.7335,,,0,1.1219,0.2413,1.3719,0.1111,1.0315,0.511,2.859,0.6826,6.3843,0.3142,13,0.2983,8.4,0.5072,15.1,0.4995,159600,30285,0.1111,9.3,0.2053,0.8494,0.1277,0.2477,0.8978,0.7364,,,,,,,,,,,,,,,,,,,,,,,,,,,,,,,0.07,0.064,0.27,3.015,0.03,3.015,0,15.301,2.60%,0.062
amz,Richmond,NEW YORK,RichmondNEW YORK,,36085,,8242.56,57.5186516,"474,101",0,1.31,29.55%,1.2,6.97%,1.7,90.04%,3.1,80.67%,7.301,47.64%,12.8,0.3643,4.9,0.3981,38.3,0.7854,474101,"34,987",0.0898,11.5,0.4562,0.9058,0.0099,0.8911,0.9882,0.3018,,,0,1.1289,0.2432,1.2872,0.0882,1.6915,0.8956,3.1732,0.8322,7.2808,0.4629,12.3,0.2563,7.6,0.4139,36.8,0.7854,471522,32091,0.0783,11.8,0.3805,0.9096,0.0067,0.8615,0.9863,0.4091,,,,,,,,,,,,,,,,,,,,,,,,,,,,,,,0.05,0.043,0.157,0,0,0,0,19.703,0.70%,-0.089
amz,Forsyth,NORTH CAROLINA,ForsythNORTH CAROLINA,,37067,,911.21,407.7816134,"371,573",0,2.03,52.20%,1.72,27.98%,1.68,88.95%,3.05,78.35%,8.4811,68.34%,17.6,0.686,6.4,0.6545,43,0.8284,371573,"29,921",0.258,11.2,0.433,0.9322,0.1643,0.5498,0.7447,0.6562,,,0,2.0821,0.5326,1.794,0.3266,1.7154,0.9077,3.1767,0.8335,8.7682,0.7265,19.1,0.6855,9.8,0.6635,41.8,0.8306,358130,26670,0.2579,13.2,0.4753,0.944,0.1369,0.687,0.7596,0.6492,,,,,,,,,,,,,,,,,,,,,,,,,,,,,,,0.094,0.1,0.304,2.05,0.02,2.05,1,15.066,2.00%,0.112
amz,Clinton,OHIO,ClintonOHIO,,39027,,102.51,408.6847264,"41,896",0,1.89,47.68%,2.3,73.03%,0.36,15.15%,2.56,52.47%,7.1163,44.24%,13,0.3771,6.1,0.6032,6.6,0.2171,41896,"26,861",0.4557,11.5,0.4562,0.6399,0.2983,0.4817,0.4846,0.6562,,,0,2.2627,0.5915,2.2732,0.6998,0.4225,0.1706,2.6867,0.5842,7.645,0.5266,16.9,0.5498,10.6,0.7396,6.4,0.249,41871,22828,0.5482,12.5,0.425,0.7268,0.3722,0.3012,0.6434,0.6431,,,,,,,,,,,,,,,,,,,,,,,,,,,,,,,0.02,0.02,0.367,2.165,0.021,2.165,2.66,21.069,2.50%,0.088
amz,Hamilton,OHIO,HamiltonOHIO,,39061,,2000.36,405.9452779,"812,037",0,1.58,37.55%,1.84,36.13%,1.37,73.19%,2.87,69.88%,7.658,53.69%,16.2,0.5962,6.1,0.6032,34.5,0.7393,812037,"34,125",0.1096,9,0.2668,0.9618,0.0271,0.3703,0.9522,0.5619,,,0,1.7061,0.4152,1.8911,0.3954,1.341,0.7033,2.8765,0.6944,7.8147,0.5594,18.4,0.6431,9.6,0.6402,32.9,0.7393,803272,30062,0.1149,10.8,0.3079,0.9666,0.0328,0.3661,0.9564,0.5546,,,,,,,,,,,,,,,,,,,,,,,,,,,,,,,0.127,0.128,0.254,2.551,0.029,2.551,2.66,19.548,2.10%,-0.006
amz,Licking,OHIO,LickingOHIO,,39089,,252.47,682.4372669,"172,293",0,1.16,25.25%,2,48.42%,0.62,29.61%,2.01,25.79%,5.7905,22.90%,11.4,0.2704,4.9,0.3981,9.4,0.3266,172293,"30,338",0.2398,8.8,0.2499,0.5788,0.1808,0.3703,0.3381,0.5409,,,0,1.1684,0.2515,1.8099,0.3368,0.5794,0.2544,2.0748,0.2814,5.6326,0.2018,12.4,0.2611,7.3,0.3776,8.1,0.3165,167911,27082,0.2327,10.6,0.297,0.6294,0.1815,0.3314,0.4018,0.5307,,,,,,,,,,,,,,,,,,,,,,,,,,,,,,,0.066,0.08,0.304,1.412,0.02,1.412,2.66,19.18,2.10%,0.037
amz,Madison,OHIO,MadisonOHIO,,39097,,94.43,465.8313684,"43,988",0,1.49,34.55%,1.73,28.30%,0.74,35.98%,2.57,52.91%,6.5262,33.82%,10.2,0.201,4.8,0.3838,11.4,0.384,43988,"28,331",0.3545,13,0.5495,0.5788,0.2455,0.3703,0.4225,0.9491,,,0,1.5629,0.3687,1.4276,0.1299,0.8558,0.4104,2.8055,0.6507,6.6517,0.3575,11.6,0.2143,7.3,0.3776,10.5,0.3875,43326,23994,0.4403,14.3,0.5307,0.5804,0.2763,0.39,0.6017,0.957,,,,,,,,,,,,,,,,,,,,,,,,,,,,,,,0.022,0.019,0.291,1.601,0.022,1.601,2.66,21.161,0.00%,0.188
amz,Montgomery,OHIO,MontgomeryOHIO,,39113,,1152.86,461.4905356,"532,034",0,2.09,54.01%,2.26,70.46%,1.29,68.51%,2.76,64.22%,8.4105,67.26%,17.4,0.6745,7.2,0.7583,28.9,0.6829,532034,"28,807",0.3223,9.9,0.3384,0.8548,0.0484,0.2604,0.8984,0.7014,,,0,2.0984,0.5403,2.2681,0.6963,1.2385,0.6457,2.7561,0.623,8.361,0.6549,18.5,0.6501,10.6,0.7396,27.8,0.6826,534801,25171,0.3534,11.4,0.3553,0.8688,0.0449,0.2439,0.8892,0.7093,,,,,,,,,,,,,,,,,,,,,,,,,,,,,,,0.095,0.097,0.314,2.631,0.029,2.631,2.66,18.086,1.80%,0.102
amz,Wood,OHIO,WoodOHIO,,39173,,210.53,617.1963942,"129,936",0,1.05,21.53%,0.85,2.90%,0.85,42.28%,2.52,49.95%,5.2695,16.62%,13.3,0.3962,4.8,0.3838,11.6,0.3887,129936,"31,324",0.2,5.9,0.0659,0.9169,0.3311,0.1223,0.32,0.8262,,,0,1.248,0.2741,0.9398,0.036,0.7278,0.3333,2.469,0.4632,5.3846,0.1732,14.8,0.4129,8.9,0.5645,10.7,0.3938,128139,27210,0.2238,6.3,0.0468,0.8978,0.2849,0.1614,0.2974,0.8274,,,,,,,,,,,,,,,,,,,,,,,,,,,,,,,0.062,0.066,0.384,1.933,0.028,1.933,2.66,20.55,0.80%,-0.022
amz,Marion,OREGON,MarionOREGON,,41047,,284.23,1180.551347,"335,553",0,2.28,59.84%,2.28,71.57%,1.67,88.60%,3.43,92.74%,9.6631,85.35%,15.2,0.5287,6.1,0.6032,34.2,0.7354,335553,"26,143",0.5092,14.7,0.6422,0.8701,0.4158,0.9156,0.5626,0.6686,,,0,2.7822,0.7443,2.4078,0.7832,1.6721,0.8854,3.6667,0.9656,10.5288,0.9274,19.1,0.6855,12.5,0.8637,32.7,0.7354,320448,22202,0.5976,16.4,0.6355,0.8997,0.3865,0.9376,0.7517,0.6912,,,,,,,,,,,,,,,,,,,,,,,,,,,,,,,0.047,0.053,0.319,2.147,0.029,2.147,0,20.98,1.40%,0.001
amz,Washington,OREGON,WashingtonOREGON,,41067,,803.32,724.2681923,"581,821",0,0.86,15.76%,1.26,8.02%,1.63,86.66%,2.64,56.57%,6.3812,31.94%,9.6,0.1634,5,0.4166,33.7,0.7313,581821,"37,657",0.0611,8.4,0.2232,0.9605,0.0926,0.8348,0.5294,0.2184,,,0,1.0812,0.2295,1.3547,0.1038,1.6256,0.8676,2.638,0.5552,6.6995,0.3617,11.8,0.2299,8.8,0.5521,31.3,0.7217,547451,31587,0.086,9.4,0.2133,0.965,0.0993,0.8029,0.546,0.2248,,,,,,,,,,,,,,,,,,,,,,,,,,,,,,,0.055,0.061,0.273,2.337,0.03,2.337,0,21.693,0.70%,0.14
amz,Berks,PENNSYLVANIA,BerksPENNSYLVANIA,,42011,,486.52,856.3695893,"416,642",0,1.88,47.55%,1.94,43.39%,1.56,83.95%,2.72,62.30%,8.109,61.62%,12.8,0.3643,6.7,0.6968,27.5,0.6616,416642,"30,187",0.2462,13.5,0.5772,0.7673,0.1152,0.3359,0.8147,0.6915,,,0,1.8335,0.461,1.9898,0.4721,1.5129,0.8122,2.8424,0.673,8.1786,0.6246,14.3,0.3824,9.4,0.6199,24.6,0.6434,413016,26998,0.2385,15.5,0.5928,0.7889,0.1277,0.3674,0.8647,0.6937,,,,,,,,,,,,,,,,,,,,,,,,,,,,,,,0.076,0.065,0.331,2.052,0.023,2.052,0,19.255,1.90%,0.091
amz,Bucks,PENNSYLVANIA,BucksPENNSYLVANIA,,42017,,1036.3,604.4276995,"626,370",0,0.46,4.36%,1.03,4.62%,1.2,62.66%,1.84,19.83%,4.5262,8.31%,6.1,0.0303,4.5,0.3299,15.5,0.4849,626370,"44,103",0.0197,6.1,0.0755,0.893,0.0716,0.1888,0.3381,0.3457,,,0,0.5317,0.0656,1.0347,0.0443,1.164,0.5934,1.7227,0.15,4.453,0.0755,5.9,0.0156,7.8,0.4352,14.1,0.4776,626205,37910,0.0245,6.5,0.0564,0.8717,0.0713,0.2104,0.2203,0.3489,,,,,,,,,,,,,,,,,,,,,,,,,,,,,,,0.082,0.106,0.26,2.083,0.024,2.083,0,18.942,1.20%,-0.158
amz,Dauphin,PENNSYLVANIA,DauphinPENNSYLVANIA,,42043,,522.98,524.9064146,"274,515",0,1.3,29.39%,1.81,33.81%,1.51,81.34%,2.79,65.62%,7.4148,49.75%,12.7,0.3573,5,0.4166,33.6,0.7291,274515,"32,485",0.1576,10.3,0.3709,0.8758,0.1022,0.2964,0.9096,0.6059,,,0,1.2152,0.2642,1.8653,0.3785,1.4906,0.7994,2.801,0.6485,7.3722,0.4772,13.6,0.34,7.5,0.4008,31,0.7192,269946,29536,0.128,11.3,0.3464,0.9,0.1165,0.2658,0.9029,0.6157,,,,,,,,,,,,,,,,,,,,,,,,,,,,,,,0.076,0.078,0.329,2.521,0.024,2.521,0,16.917,1.60%,-0.104
amz,Lancaster,PENNSYLVANIA,LancasterPENNSYLVANIA,,42071,,570.36,943.8657276,"538,347",0,1.31,29.75%,1.57,20.15%,1.33,70.55%,2.97,74.85%,7.1827,45.73%,10,0.1854,4,0.2455,17.7,0.5288,538347,"30,778",0.221,15.1,0.6616,0.837,0.1643,0.518,0.9096,0.5409,,,0,1.3171,0.2961,1.5511,0.1827,1.2929,0.6721,2.9067,0.7093,7.0678,0.4209,10.6,0.1598,6.7,0.3101,16.1,0.5199,526839,26892,0.2448,15.7,0.6024,0.8147,0.157,0.4339,0.873,0.6281,,,,,,,,,,,,,,,,,,,,,,,,,,,,,,,0.048,0.044,0.349,1.749,0.02,1.749,0,19.06,1.70%,0.297
amz,Northampton,PENNSYLVANIA,NorthamptonPENNSYLVANIA,,42095,,816.4,369.6454428,"301,778",0,1.01,20.61%,1.4,12.64%,1.36,72.91%,2.42,44.70%,6.1938,28.76%,9.1,0.1341,5.3,0.4691,22.7,0.6011,301778,"34,017",0.1118,9.4,0.2964,0.7943,0.0831,0.155,0.6565,0.7335,,,0,1.0153,0.2092,1.4826,0.1506,1.3305,0.6953,2.5887,0.5294,6.4171,0.3193,9.8,0.1223,8.2,0.482,20.5,0.5871,299225,30116,0.114,10.6,0.297,0.7794,0.0939,0.2089,0.7717,0.7348,,,,,,,,,,,,,,,,,,,,,,,,,,,,,,,0.077,0.082,0.327,2.157,0.024,2.157,0,18.581,1.90%,0.146
amz,Wayne,PENNSYLVANIA,WaynePENNSYLVANIA,,42127,,71.03,725.5816105,"51,536",0,1.71,42.04%,1.76,30.25%,0.62,29.23%,1.94,23.18%,6.0275,26.31%,11.6,0.2854,6,0.5854,9.2,0.3206,51536,"26,570",0.4768,10.2,0.3626,0.1754,0.3311,0.155,0.389,0.8902,,,0,1.5896,0.3763,1.8765,0.3849,0.7157,0.3292,1.7947,0.1719,5.9764,0.2547,13,0.2983,8.2,0.482,8.6,0.3352,51967,24132,0.4288,11.8,0.3805,0.1226,0.3524,0.0672,0.3652,0.8873,,,,,,,,,,,,,,,,,,,,,,,,,,,,,,,0.006,0.003,0.336,2.206,0.034,2.206,0,19.698,0.00%,0
amz,York,PENNSYLVANIA,YorkPENNSYLVANIA,,42133,,491.05,904.2056525,"444,014",0,1.19,26.27%,1.8,32.98%,1.17,61.16%,2.3,38.62%,6.4576,32.90%,10,0.1854,5,0.4166,16.2,0.5014,444014,"31,468",0.1946,10.6,0.3935,0.7065,0.242,0.3359,0.5142,0.4995,,,0,1.1748,0.2541,1.7351,0.2884,1.092,0.5508,2.1159,0.3002,6.1178,0.2735,10.3,0.1429,8.3,0.4938,14.6,0.4877,438052,28454,0.1649,11.7,0.3731,0.6644,0.212,0.1929,0.5578,0.4887,,,,,,,,,,,,,,,,,,,,,,,,,,,,,,,0.054,0.052,0.292,1.777,0.019,1.777,0,18.92,2.10%,0.112
amz,Greenville,SOUTH CAROLINA,GreenvilleSOUTH CAROLINA,,45045,,634.86,785.0620124,"498,402",0,1.43,33.09%,1.55,18.97%,1.53,82.39%,2.94,73.26%,7.4455,50.38%,12.4,0.336,4.7,0.3634,31.3,0.7065,498402,"30,776",0.2217,12.2,0.5056,0.8892,0.425,0.518,0.5441,0.5619,,,0,1.7144,0.418,1.6616,0.2451,1.5033,0.8071,2.9898,0.7501,7.8692,0.5683,15.8,0.4776,8.4,0.5072,30.3,0.7093,467087,27097,0.2311,13.6,0.4986,0.9048,0.4352,0.4218,0.6297,0.5982,,,,,,,,,,,,,,,,,,,,,,,,,,,,,,,0.092,0.102,0.299,1.585,0.016,1.585,0,17.628,1.10%,-0.012
amz,Spartanburg,SOUTH CAROLINA,SpartanburgSOUTH CAROLINA,,45083,,374.12,807.743898,"302,195",0,2.19,57.13%,2.09,56.51%,1.46,78.51%,3.21,85.13%,8.946,76.18%,14.8,0.5006,5.7,0.5344,31.4,0.7077,302195,"26,072",0.5143,14.7,0.6422,0.7348,0.6256,0.6622,0.5906,0.5944,,,0,2.6081,0.694,2.2779,0.7039,1.4979,0.8042,3.2888,0.8714,9.6727,0.8465,18.3,0.638,10.3,0.7077,30.6,0.7125,288728,22330,0.5909,17.3,0.6714,0.7549,0.6326,0.6059,0.6864,0.609,,,,,,,,,,,,,,,,,,,,,,,,,,,,,,,0.053,0.051,0.291,2.002,0.019,2.002,0,15.91,2.00%,0.009
amz,Anderson,TENNESSEE,AndersonTENNESSEE,,47001,,224.72,337.2031748,"75,775",0,2.12,54.68%,2.39,78.92%,0.91,45.78%,2.64,56.64%,8.06,60.64%,16.2,0.5962,6,0.5854,10.7,0.3636,75775,"27,913",0.3787,13.2,0.561,0.7851,0.5228,0.4817,0.4677,0.3792,,,0,1.9344,0.4919,2.3349,0.7453,0.8908,0.4295,2.4511,0.4524,7.6113,0.5193,17.1,0.5629,8.4,0.5072,9.8,0.3712,75346,25353,0.3413,14.1,0.5231,0.7966,0.5298,0.2436,0.546,0.3352,,,,,,,,,,,,,,,,,,,,,,,,,,,,,,,0.05,0.062,0.31,2.552,0.017,2.552,0,0,0.00%,0
amz,Bradley,TENNESSEE,BradleyTENNESSEE,,47011,,318.03,328.7616622,"104,557",0,2.4,63.66%,2.1,57.59%,1.17,61.00%,2.85,68.70%,8.5136,69.14%,16.6,0.6258,6,0.5854,14.1,0.4511,104557,"26,319",0.4955,15.7,0.6883,0.5931,0.5103,0.6313,0.4435,0.6686,,,0,2.7851,0.7456,2.12,0.5826,1.1328,0.5724,2.7396,0.617,8.7775,0.7278,19.8,0.7221,11.2,0.7905,12.4,0.4371,101004,22294,0.5928,17.5,0.6797,0.5056,0.4642,0.6399,0.4763,0.6536,,,,,,,,,,,,,,,,,,,,,,,,,,,,,,,0.055,0.051,0.395,2.575,0.018,2.575,0,0,2.30%,-0.062
amz,Hamilton,TENNESSEE,HamiltonTENNESSEE,,47065,,659.27,542.3398685,"357,546",0,1.54,36.27%,1.42,13.56%,1.34,71.25%,2.67,58.87%,6.9645,41.37%,13.7,0.4229,5.5,0.5006,28.8,0.6816,357546,"31,184",0.2064,10.8,0.4088,0.8892,0.155,0.2604,0.6702,0.6915,,,0,1.7335,0.426,1.6348,0.228,1.3855,0.7319,2.8539,0.6778,7.6078,0.5183,16,0.4925,8.9,0.5645,28.2,0.688,344772,27464,0.2136,13,0.4629,0.9067,0.1614,0.3734,0.7517,0.6606,,,,,,,,,,,,,,,,,,,,,,,,,,,,,,,0.091,0.086,0.265,3.549,0.019,3.549,0,0,1.60%,-0.064
amz,Knox,TENNESSEE,KnoxTENNESSEE,,47093,,897.42,508.3311719,"456,185",0,1.36,31.37%,1.21,7.13%,1.15,60.08%,2.56,52.44%,6.2907,30.35%,15.2,0.5287,4.8,0.3838,17.4,0.5234,456185,"31,678",0.1844,9,0.2668,0.9293,0.1977,0.2604,0.5788,0.5944,,,0,1.2111,0.263,1.184,0.0675,1.1792,0.603,2.6552,0.5654,6.2295,0.2919,15.3,0.4454,6.9,0.3343,16.7,0.5323,440732,28255,0.1732,10.1,0.2582,0.9338,0.2073,0.2709,0.6017,0.6415,,,,,,,,,,,,,,,,,,,,,,,,,,,,,,,0.124,0.129,0.267,2.546,0.02,2.546,0,0,1.60%,0.053
amz,Rutherford,TENNESSEE,RutherfordTENNESSEE,,47149,,495.97,619.2479587,"307,128",0,1.25,27.71%,1.66,24.48%,1.47,79.27%,2.07,28.24%,6.4443,32.68%,11.8,0.3,4.8,0.3838,28.3,0.6734,307128,"28,883",0.314,8.8,0.2499,0.8742,0.1808,0.5498,0.0853,0.3792,,,0,1.4008,0.3209,1.6804,0.2569,1.3824,0.7297,2.3091,0.3859,6.7727,0.3754,13.3,0.3168,8.2,0.482,25.4,0.6543,275461,25057,0.3623,9.8,0.2397,0.8758,0.1815,0.6447,0.12,0.4871,,,,,,,,,,,,,,,,,,,,,,,,,,,,,,,0.069,0.05,0.264,1.955,0.022,1.955,0,0,0.50%,0.067
amz,Guadalupe,TEXAS,GuadalupeTEXAS,,48187,,218.12,711.2521371,"155,137",0,1.05,21.91%,1.99,47.56%,1.7,89.97%,2.33,39.89%,7.0664,43.44%,9.5,0.1551,3.9,0.2334,49.3,0.8762,155137,"30,817",0.2188,11.4,0.4473,0.624,0.6256,0.7803,0.0783,0.2184,,,0,1.1824,0.2557,1.8472,0.3649,1.7068,0.9045,2.4435,0.4508,7.1799,0.4422,9.7,0.1175,6.9,0.3343,46.7,0.8698,139709,26696,0.2553,13.2,0.4753,0.5893,0.6425,0.7969,0.1579,0.2569,,,,,,,,,,,,,,,,,,,,,,,,,,,,,,,0.071,0.081,0.31,1.614,0.017,1.614,0,14.709,1.10%,0.101
amz,Hays,TEXAS,HaysTEXAS,,48209,,301.11,677.9869228,"204,150",0,1.59,38.18%,1.01,4.49%,1.73,91.34%,3.05,78.45%,7.382,49.24%,15,0.5127,5.3,0.4691,45.5,0.8513,204150,"30,715",0.2236,10.5,0.3868,0.9449,0.411,0.8711,0.1022,0.7195,,,0,1.4731,0.3442,1.178,0.0659,1.7065,0.9042,3.0433,0.7695,7.4008,0.4833,17.3,0.5782,7,0.3454,42.9,0.8415,170410,27080,0.233,10.9,0.3165,0.9147,0.46,0.837,0.0608,0.7708,,,,,,,,,,,,,,,,,,,,,,,,,,,,,,,0.127,0.132,0.288,2.563,0.036,2.563,0,14.728,1.00%,0.171
amz,Arlington,VIRGINIA,ArlingtonVIRGINIA,,51013,,8916.39,25.997406,"231,803",0,0.24,0.92%,0.14,0.00%,1.66,88.09%,3.03,77.65%,5.0599,14.01%,7.2,0.0567,2.9,0.1124,38.2,0.7838,231803,"69,051",0.001,5.9,0.0659,0.9994,0.0022,0.7622,0.9643,0.3018,,,0,0.2245,0.0086,0.0821,0,1.6323,0.8704,2.8555,0.6797,4.7943,0.1044,8.8,0.0815,3.6,0.0805,36.8,0.7851,220173,62854,0.0003,6.6,0.0621,0.9994,0.0105,0.6237,0.9382,0.2837,,,,,,,,,,,,,,,,,,,,,,,,,,,,,,,0.086,0.106,0.178,4.528,0.03,4.528,0,0,1.10%,0.03
amz,Chesterfield,VIRGINIA,ChesterfieldVIRGINIA,,51041,,801.4,423.5668064,"339,447",0,0.71,11.24%,1.64,23.78%,1.58,84.78%,1.46,8.98%,5.3928,17.99%,7.1,0.0522,4.9,0.3981,37.7,0.7778,339447,"36,641",0.0688,7.9,0.1907,0.8351,0.0484,0.2964,0.092,0.185,,,0,0.7125,0.1127,1.5575,0.1866,1.5677,0.8392,1.4836,0.0834,5.3212,0.1652,7.2,0.0379,7.4,0.3881,35.8,0.7752,324337,32942,0.0678,9.5,0.2187,0.851,0.063,0.2391,0.077,0.2534,,,,,,,,,,,,,,,,,,,,,,,,,,,,,,,0.089,0.109,0.187,1.986,0.023,1.986,0,0,1.50%,-0.09
amz,Hanover,VIRGINIA,HanoverVIRGINIA,,51085,,223.24,467.8854739,"104,449",0,0.31,2.01%,1.04,4.84%,0.85,42.28%,1.27,5.09%,3.4689,1.56%,5.6,0.0226,3,0.1245,15.9,0.4947,104449,"39,604",0.0436,6.9,0.1165,0.6874,0.0716,0.043,0.0554,0.4126,,,0,0.3311,0.0207,1.1382,0.0583,0.9962,0.4912,1.4107,0.0681,3.8762,0.0322,5.5,0.0096,5.2,0.1706,15.2,0.5027,100689,34241,0.0509,7.6,0.1,0.6734,0.0665,0.1079,0.0433,0.5196,,,,,,,,,,,,,,,,,,,,,,,,,,,,,,,0.048,0.051,0.185,1.599,0.019,1.599,0,0,2.30%,0.222
amz,Loudoun,VIRGINIA,LoudounVIRGINIA,,51107,,746.74,515.7659543,"385,143",0,0.28,1.66%,1.18,6.62%,1.71,90.83%,1.44,8.53%,4.6061,9.04%,3.7,0.0019,3.5,0.1822,43.1,0.8297,385143,"53,408",0.0054,6.5,0.0942,0.9175,0.0188,0.4056,0.0503,0.0436,,,0,0.1789,0.0041,1.2697,0.0821,1.7039,0.9026,1.4734,0.0799,4.6259,0.0876,3.8,0.0006,4.3,0.1156,39.6,0.8099,338916,46962,0.0064,6.5,0.0564,0.923,0.014,0.462,0.0478,0.0267,,,,,,,,,,,,,,,,,,,,,,,,,,,,,,,0.048,0.05,0.194,2.631,0.046,2.631,0,0,0.60%,0
amz,Petersburg,VIRGINIA,PetersburgVIRGINIA,,51730,,1400.83,22.7201788,"31,827",2,3.48,92.61%,2.51,85.26%,1.62,86.41%,3.3,88.98%,10.9161,96.43%,25.8,0.9296,11.3,0.9618,85,0.9889,31827,"22,356",0.7793,19,0.8112,0.9698,0.0544,0.7249,0.9901,0.5619,,,2,3.6495,0.9612,2.5027,0.8392,1.5177,0.8128,3.1955,0.8402,10.8653,0.9516,27.5,0.9354,15.1,0.9494,84.5,0.9898,32439,18535,0.8739,23.9,0.8908,0.964,0.057,0.5664,0.9876,0.6205,,,,,,,,,,,,,,,,,,,,,,,,,,,,,,,0.066,0.061,0.312,4.073,0.029,4.073,0,0,5.90%,0
amz,Suffolk,VIRGINIA,SuffolkVIRGINIA,,51800,,223.37,399.1532916,"89,160",0,1.43,33.25%,1.92,42.31%,1.24,65.01%,2,25.50%,6.5988,34.68%,10.8,0.2369,6.2,0.6207,50.5,0.8816,89160,"32,894",0.142,11.2,0.433,0.8026,0.1203,0.3703,0.6565,0.0541,,,0,1.3165,0.2954,1.9545,0.4457,1.1792,0.6033,2.0427,0.2684,6.4928,0.3311,11.1,0.1818,8.9,0.5645,49.6,0.886,85477,30021,0.1156,12.9,0.4546,0.7701,0.0876,0.4839,0.5298,0.1713,,,,,,,,,,,,,,,,,,,,,,,,,,,,,,,0.071,0.062,0.218,1.798,0.023,1.798,0,0,0.00%,0
amz,Spokane,WASHINGTON,SpokaneWASHINGTON,,53063,,282.26,1763.888507,"497,875",0,1.33,30.10%,1.83,35.53%,1.1,57.15%,3.06,78.96%,7.3255,48.25%,14.4,0.4723,5.6,0.5172,15.1,0.4718,497875,"29,982",0.2554,6.3,0.0834,0.9526,0.2518,0.4457,0.7224,0.6915,,,0,1.4202,0.3279,1.6775,0.2557,1.1633,0.5928,3.0567,0.7768,7.3177,0.4686,15.6,0.4655,9,0.5759,13.9,0.4741,476950,26125,0.2878,7.4,0.0911,0.9401,0.2814,0.3941,0.73,0.7109,,,,,,,,,,,,,,,,,,,,,,,,,,,,,,,0.097,0.11,0.32,2.161,0.017,2.161,0,21.657,1.40%,0.11
amz,Rock,WISCONSIN,RockWISCONSIN,,55105,,225.26,718.1360408,"161,769",0,1.59,38.25%,2.15,61.86%,1.15,59.54%,2.29,38.14%,7.1787,45.61%,13.6,0.4169,5.6,0.5172,16.9,0.5142,161769,"28,103",0.364,9.4,0.2964,0.823,0.0831,0.4056,0.5294,0.4448,,,0,1.795,0.4476,2.2365,0.6759,1.2159,0.6294,2.3222,0.3941,7.5696,0.51,14.9,0.4202,9.4,0.6199,15.9,0.5161,160465,24715,0.3878,11.6,0.3671,0.8096,0.0805,0.476,0.4763,0.4798,,,,,,,,,,,,,,,,,,,,,,,,,,,,,,,0.052,0.059,0.422,2.48,0.021,2.48,0.25,15.681,1.30%,0.184
amz,Waukesha,WISCONSIN,WaukeshaWISCONSIN,,55133,,725.6,549.7201326,"398,879",0,0.15,0.45%,1.05,5.03%,0.84,41.64%,1.53,10.28%,3.5699,1.94%,4.9,0.0115,2.9,0.1124,11.2,0.3782,398879,"44,301",0.0188,3.9,0.0115,0.9153,0.0137,0.155,0.1859,0.2582,,,0,0.2047,0.007,1.0885,0.0506,0.9284,0.4492,1.5864,0.1089,3.808,0.0271,5.6,0.0105,5.1,0.1617,10.1,0.3805,392511,38151,0.0229,4.3,0.0096,0.9163,0.0178,0.1627,0.2203,0.2693,,,,,,,,,,,,,,,,,,,,,,,,,,,,,,,0.059,0.068,0.298,2.436,0.027,2.436,0.25,16.19,0.60%,0.081
